date_id,full_date,day,month,month_name,quarter,year,weekday,weekday_name,is_weekend,is_holiday
20090329,2009-03-29,29,3,March,1,2009,7,Sunday,True,False
20090405,2009-04-05,5,4,April,2,2009,7,Sunday,True,False
20090419,2009-04-19,19,4,April,2,2009,7,Sunday,True,False
20090426,2009-04-26,26,4,April,2,2009,7,Sunday,True,False
20090510,2009-05-10,10,5,May,2,2009,7,Sunday,True,False
20090524,2009-05-24,24,5,May,2,2009,7,Sunday,True,False
20090607,2009-06-07,7,6,June,2,2009,7,Sunday,True,False
20090621,2009-06-21,21,6,June,2,2009,7,Sunday,True,False
20090712,2009-07-12,12,7,July,3,2009,7,Sunday,True,False
20090726,2009-07-26,26,7,July,3,2009,7,Sunday,True,False
20090823,2009-08-23,23,8,August,3,2009,7,Sunday,True,False
20090830,2009-08-30,30,8,August,3,2009,7,Sunday,True,False
20090913,2009-09-13,13,9,September,3,2009,7,Sunday,True,False
20090927,2009-09-27,27,9,September,3,2009,7,Sunday,True,False
20091004,2009-10-04,4,10,October,4,2009,7,Sunday,True,False
20091018,2009-10-18,18,10,October,4,2009,7,Sunday,True,False
20091101,2009-11-01,1,11,November,4,2009,7,Sunday,True,False
20080316,2008-03-16,16,3,March,1,2008,7,Sunday,True,False
20080323,2008-03-23,23,3,March,1,2008,7,Sunday,True,False
20080406,2008-04-06,6,4,April,2,2008,7,Sunday,True,False
20080427,2008-04-27,27,4,April,2,2008,7,Sunday,True,False
20080511,2008-05-11,11,5,May,2,2008,7,Sunday,True,False
20080525,2008-05-25,25,5,May,2,2008,7,Sunday,True,False
20080608,2008-06-08,8,6,June,2,2008,7,Sunday,True,False
20080622,2008-06-22,22,6,June,2,2008,7,Sunday,True,False
20080706,2008-07-06,6,7,July,3,2008,7,Sunday,True,False
20080720,2008-07-20,20,7,July,3,2008,7,Sunday,True,False
20080803,2008-08-03,3,8,August,3,2008,7,Sunday,True,False
20080824,2008-08-24,24,8,August,3,2008,7,Sunday,True,False
20080907,2008-09-07,7,9,September,3,2008,7,Sunday,True,False
20080914,2008-09-14,14,9,September,3,2008,7,Sunday,True,False
20080928,2008-09-28,28,9,September,3,2008,7,Sunday,True,False
20081012,2008-10-12,12,10,October,4,2008,7,Sunday,True,False
20081019,2008-10-19,19,10,October,4,2008,7,Sunday,True,False
20081102,2008-11-02,2,11,November,4,2008,7,Sunday,True,False
20070318,2007-03-18,18,3,March,1,2007,7,Sunday,True,False
20070408,2007-04-08,8,4,April,2,2007,7,Sunday,True,False
20070415,2007-04-15,15,4,April,2,2007,7,Sunday,True,False
20070513,2007-05-13,13,5,May,2,2007,7,Sunday,True,False
20070527,2007-05-27,27,5,May,2,2007,7,Sunday,True,False
20070610,2007-06-10,10,6,June,2,2007,7,Sunday,True,False
20070617,2007-06-17,17,6,June,2,2007,7,Sunday,True,False
20070701,2007-07-01,1,7,July,3,2007,7,Sunday,True,False
20070708,2007-07-08,8,7,July,3,2007,7,Sunday,True,False
20070722,2007-07-22,22,7,July,3,2007,7,Sunday,True,False
20070805,2007-08-05,5,8,August,3,2007,7,Sunday,True,False
20070826,2007-08-26,26,8,August,3,2007,7,Sunday,True,False
20070909,2007-09-09,9,9,September,3,2007,7,Sunday,True,False
20070916,2007-09-16,16,9,September,3,2007,7,Sunday,True,False
20070930,2007-09-30,30,9,September,3,2007,7,Sunday,True,False
20071007,2007-10-07,7,10,October,4,2007,7,Sunday,True,False
20071021,2007-10-21,21,10,October,4,2007,7,Sunday,True,False
20060312,2006-03-12,12,3,March,1,2006,7,Sunday,True,False
20060319,2006-03-19,19,3,March,1,2006,7,Sunday,True,False
20060402,2006-04-02,2,4,April,2,2006,7,Sunday,True,False
20060423,2006-04-23,23,4,April,2,2006,7,Sunday,True,False
20060507,2006-05-07,7,5,May,2,2006,7,Sunday,True,False
20060514,2006-05-14,14,5,May,2,2006,7,Sunday,True,False
20060528,2006-05-28,28,5,May,2,2006,7,Sunday,True,False
20060611,2006-06-11,11,6,June,2,2006,7,Sunday,True,False
20060625,2006-06-25,25,6,June,2,2006,7,Sunday,True,False
20060702,2006-07-02,2,7,July,3,2006,7,Sunday,True,False
20060716,2006-07-16,16,7,July,3,2006,7,Sunday,True,False
20060730,2006-07-30,30,7,July,3,2006,7,Sunday,True,False
20060806,2006-08-06,6,8,August,3,2006,7,Sunday,True,False
20060827,2006-08-27,27,8,August,3,2006,7,Sunday,True,False
20060910,2006-09-10,10,9,September,3,2006,7,Sunday,True,False
20061001,2006-10-01,1,10,October,4,2006,7,Sunday,True,False
20061008,2006-10-08,8,10,October,4,2006,7,Sunday,True,False
20061022,2006-10-22,22,10,October,4,2006,7,Sunday,True,False
20050306,2005-03-06,6,3,March,1,2005,7,Sunday,True,False
20050320,2005-03-20,20,3,March,1,2005,7,Sunday,True,False
20050403,2005-04-03,3,4,April,2,2005,7,Sunday,True,False
20050424,2005-04-24,24,4,April,2,2005,7,Sunday,True,False
20050508,2005-05-08,8,5,May,2,2005,7,Sunday,True,False
20050522,2005-05-22,22,5,May,2,2005,7,Sunday,True,False
20050529,2005-05-29,29,5,May,2,2005,7,Sunday,True,False
20050612,2005-06-12,12,6,June,2,2005,7,Sunday,True,False
20050619,2005-06-19,19,6,June,2,2005,7,Sunday,True,False
20050703,2005-07-03,3,7,July,3,2005,7,Sunday,True,False
20050710,2005-07-10,10,7,July,3,2005,7,Sunday,True,False
20050724,2005-07-24,24,7,July,3,2005,7,Sunday,True,False
20050731,2005-07-31,31,7,July,3,2005,7,Sunday,True,False
20050821,2005-08-21,21,8,August,3,2005,7,Sunday,True,False
20050904,2005-09-04,4,9,September,3,2005,7,Sunday,True,False
20050911,2005-09-11,11,9,September,3,2005,7,Sunday,True,False
20050925,2005-09-25,25,9,September,3,2005,7,Sunday,True,False
20051009,2005-10-09,9,10,October,4,2005,7,Sunday,True,False
20051016,2005-10-16,16,10,October,4,2005,7,Sunday,True,False
20040307,2004-03-07,7,3,March,1,2004,7,Sunday,True,False
20040321,2004-03-21,21,3,March,1,2004,7,Sunday,True,False
20040404,2004-04-04,4,4,April,2,2004,7,Sunday,True,False
20040425,2004-04-25,25,4,April,2,2004,7,Sunday,True,False
20040509,2004-05-09,9,5,May,2,2004,7,Sunday,True,False
20040523,2004-05-23,23,5,May,2,2004,7,Sunday,True,False
20040530,2004-05-30,30,5,May,2,2004,7,Sunday,True,False
20040613,2004-06-13,13,6,June,2,2004,7,Sunday,True,False
20040620,2004-06-20,20,6,June,2,2004,7,Sunday,True,False
20040704,2004-07-04,4,7,July,3,2004,7,Sunday,True,False
20040711,2004-07-11,11,7,July,3,2004,7,Sunday,True,False
20040725,2004-07-25,25,7,July,3,2004,7,Sunday,True,False
20040815,2004-08-15,15,8,August,3,2004,7,Sunday,True,False
20040829,2004-08-29,29,8,August,3,2004,7,Sunday,True,False
20040912,2004-09-12,12,9,September,3,2004,7,Sunday,True,False
20040926,2004-09-26,26,9,September,3,2004,7,Sunday,True,False
20041010,2004-10-10,10,10,October,4,2004,7,Sunday,True,False
20041024,2004-10-24,24,10,October,4,2004,7,Sunday,True,False
20030309,2003-03-09,9,3,March,1,2003,7,Sunday,True,False
20030323,2003-03-23,23,3,March,1,2003,7,Sunday,True,False
20030406,2003-04-06,6,4,April,2,2003,7,Sunday,True,False
20030420,2003-04-20,20,4,April,2,2003,7,Sunday,True,False
20030504,2003-05-04,4,5,May,2,2003,7,Sunday,True,False
20030518,2003-05-18,18,5,May,2,2003,7,Sunday,True,False
20030601,2003-06-01,1,6,June,2,2003,7,Sunday,True,False
20030615,2003-06-15,15,6,June,2,2003,7,Sunday,True,False
20030629,2003-06-29,29,6,June,2,2003,7,Sunday,True,False
20030706,2003-07-06,6,7,July,3,2003,7,Sunday,True,False
20030720,2003-07-20,20,7,July,3,2003,7,Sunday,True,False
20030803,2003-08-03,3,8,August,3,2003,7,Sunday,True,False
20030824,2003-08-24,24,8,August,3,2003,7,Sunday,True,False
20030914,2003-09-14,14,9,September,3,2003,7,Sunday,True,False
20030928,2003-09-28,28,9,September,3,2003,7,Sunday,True,False
20031012,2003-10-12,12,10,October,4,2003,7,Sunday,True,False
20020303,2002-03-03,3,3,March,1,2002,7,Sunday,True,False
20020317,2002-03-17,17,3,March,1,2002,7,Sunday,True,False
20020331,2002-03-31,31,3,March,1,2002,7,Sunday,True,False
20020414,2002-04-14,14,4,April,2,2002,7,Sunday,True,False
20020428,2002-04-28,28,4,April,2,2002,7,Sunday,True,False
20020512,2002-05-12,12,5,May,2,2002,7,Sunday,True,False
20020526,2002-05-26,26,5,May,2,2002,7,Sunday,True,False
20020609,2002-06-09,9,6,June,2,2002,7,Sunday,True,False
20020623,2002-06-23,23,6,June,2,2002,7,Sunday,True,False
20020707,2002-07-07,7,7,July,3,2002,7,Sunday,True,False
20020721,2002-07-21,21,7,July,3,2002,7,Sunday,True,False
20020728,2002-07-28,28,7,July,3,2002,7,Sunday,True,False
20020818,2002-08-18,18,8,August,3,2002,7,Sunday,True,False
20020901,2002-09-01,1,9,September,3,2002,7,Sunday,True,False
20020915,2002-09-15,15,9,September,3,2002,7,Sunday,True,False
20020929,2002-09-29,29,9,September,3,2002,7,Sunday,True,False
20021013,2002-10-13,13,10,October,4,2002,7,Sunday,True,False
20010304,2001-03-04,4,3,March,1,2001,7,Sunday,True,False
20010318,2001-03-18,18,3,March,1,2001,7,Sunday,True,False
20010401,2001-04-01,1,4,April,2,2001,7,Sunday,True,False
20010415,2001-04-15,15,4,April,2,2001,7,Sunday,True,False
20010429,2001-04-29,29,4,April,2,2001,7,Sunday,True,False
20010513,2001-05-13,13,5,May,2,2001,7,Sunday,True,False
20010527,2001-05-27,27,5,May,2,2001,7,Sunday,True,False
20010610,2001-06-10,10,6,June,2,2001,7,Sunday,True,False
20010624,2001-06-24,24,6,June,2,2001,7,Sunday,True,False
20010701,2001-07-01,1,7,July,3,2001,7,Sunday,True,False
20010715,2001-07-15,15,7,July,3,2001,7,Sunday,True,False
20010729,2001-07-29,29,7,July,3,2001,7,Sunday,True,False
20010819,2001-08-19,19,8,August,3,2001,7,Sunday,True,False
20010902,2001-09-02,2,9,September,3,2001,7,Sunday,True,False
20010916,2001-09-16,16,9,September,3,2001,7,Sunday,True,False
20010930,2001-09-30,30,9,September,3,2001,7,Sunday,True,False
20011014,2001-10-14,14,10,October,4,2001,7,Sunday,True,False
20000312,2000-03-12,12,3,March,1,2000,7,Sunday,True,False
20000326,2000-03-26,26,3,March,1,2000,7,Sunday,True,False
20000409,2000-04-09,9,4,April,2,2000,7,Sunday,True,False
20000423,2000-04-23,23,4,April,2,2000,7,Sunday,True,False
20000507,2000-05-07,7,5,May,2,2000,7,Sunday,True,False
20000521,2000-05-21,21,5,May,2,2000,7,Sunday,True,False
20000604,2000-06-04,4,6,June,2,2000,7,Sunday,True,False
20000618,2000-06-18,18,6,June,2,2000,7,Sunday,True,False
20000702,2000-07-02,2,7,July,3,2000,7,Sunday,True,False
20000716,2000-07-16,16,7,July,3,2000,7,Sunday,True,False
20000730,2000-07-30,30,7,July,3,2000,7,Sunday,True,False
20000813,2000-08-13,13,8,August,3,2000,7,Sunday,True,False
20000827,2000-08-27,27,8,August,3,2000,7,Sunday,True,False
20000910,2000-09-10,10,9,September,3,2000,7,Sunday,True,False
20000924,2000-09-24,24,9,September,3,2000,7,Sunday,True,False
20001008,2000-10-08,8,10,October,4,2000,7,Sunday,True,False
20001022,2000-10-22,22,10,October,4,2000,7,Sunday,True,False
19990307,1999-03-07,7,3,March,1,1999,7,Sunday,True,False
19990411,1999-04-11,11,4,April,2,1999,7,Sunday,True,False
19990502,1999-05-02,2,5,May,2,1999,7,Sunday,True,False
19990516,1999-05-16,16,5,May,2,1999,7,Sunday,True,False
19990530,1999-05-30,30,5,May,2,1999,7,Sunday,True,False
19990613,1999-06-13,13,6,June,2,1999,7,Sunday,True,False
19990627,1999-06-27,27,6,June,2,1999,7,Sunday,True,False
19990711,1999-07-11,11,7,July,3,1999,7,Sunday,True,False
19990725,1999-07-25,25,7,July,3,1999,7,Sunday,True,False
19990801,1999-08-01,1,8,August,3,1999,7,Sunday,True,False
19990815,1999-08-15,15,8,August,3,1999,7,Sunday,True,False
19990829,1999-08-29,29,8,August,3,1999,7,Sunday,True,False
19990912,1999-09-12,12,9,September,3,1999,7,Sunday,True,False
19990926,1999-09-26,26,9,September,3,1999,7,Sunday,True,False
19991017,1999-10-17,17,10,October,4,1999,7,Sunday,True,False
19991031,1999-10-31,31,10,October,4,1999,7,Sunday,True,False
19980308,1998-03-08,8,3,March,1,1998,7,Sunday,True,False
19980329,1998-03-29,29,3,March,1,1998,7,Sunday,True,False
19980412,1998-04-12,12,4,April,2,1998,7,Sunday,True,False
19980426,1998-04-26,26,4,April,2,1998,7,Sunday,True,False
19980510,1998-05-10,10,5,May,2,1998,7,Sunday,True,False
19980524,1998-05-24,24,5,May,2,1998,7,Sunday,True,False
19980607,1998-06-07,7,6,June,2,1998,7,Sunday,True,False
19980628,1998-06-28,28,6,June,2,1998,7,Sunday,True,False
19980712,1998-07-12,12,7,July,3,1998,7,Sunday,True,False
19980726,1998-07-26,26,7,July,3,1998,7,Sunday,True,False
19980802,1998-08-02,2,8,August,3,1998,7,Sunday,True,False
19980816,1998-08-16,16,8,August,3,1998,7,Sunday,True,False
19980830,1998-08-30,30,8,August,3,1998,7,Sunday,True,False
19980913,1998-09-13,13,9,September,3,1998,7,Sunday,True,False
19980927,1998-09-27,27,9,September,3,1998,7,Sunday,True,False
19981101,1998-11-01,1,11,November,4,1998,7,Sunday,True,False
19970309,1997-03-09,9,3,March,1,1997,7,Sunday,True,False
19970330,1997-03-30,30,3,March,1,1997,7,Sunday,True,False
19970413,1997-04-13,13,4,April,2,1997,7,Sunday,True,False
19970427,1997-04-27,27,4,April,2,1997,7,Sunday,True,False
19970511,1997-05-11,11,5,May,2,1997,7,Sunday,True,False
19970525,1997-05-25,25,5,May,2,1997,7,Sunday,True,False
19970615,1997-06-15,15,6,June,2,1997,7,Sunday,True,False
19970629,1997-06-29,29,6,June,2,1997,7,Sunday,True,False
19970713,1997-07-13,13,7,July,3,1997,7,Sunday,True,False
19970727,1997-07-27,27,7,July,3,1997,7,Sunday,True,False
19970810,1997-08-10,10,8,August,3,1997,7,Sunday,True,False
19970824,1997-08-24,24,8,August,3,1997,7,Sunday,True,False
19970907,1997-09-07,7,9,September,3,1997,7,Sunday,True,False
19970921,1997-09-21,21,9,September,3,1997,7,Sunday,True,False
19970928,1997-09-28,28,9,September,3,1997,7,Sunday,True,False
19971012,1997-10-12,12,10,October,4,1997,7,Sunday,True,False
19971026,1997-10-26,26,10,October,4,1997,7,Sunday,True,False
19960310,1996-03-10,10,3,March,1,1996,7,Sunday,True,False
19960331,1996-03-31,31,3,March,1,1996,7,Sunday,True,False
19960407,1996-04-07,7,4,April,2,1996,7,Sunday,True,False
19960428,1996-04-28,28,4,April,2,1996,7,Sunday,True,False
19960505,1996-05-05,5,5,May,2,1996,7,Sunday,True,False
19960519,1996-05-19,19,5,May,2,1996,7,Sunday,True,False
19960602,1996-06-02,2,6,June,2,1996,7,Sunday,True,False
19960616,1996-06-16,16,6,June,2,1996,7,Sunday,True,False
19960630,1996-06-30,30,6,June,2,1996,7,Sunday,True,False
19960714,1996-07-14,14,7,July,3,1996,7,Sunday,True,False
19960728,1996-07-28,28,7,July,3,1996,7,Sunday,True,False
19960811,1996-08-11,11,8,August,3,1996,7,Sunday,True,False
19960825,1996-08-25,25,8,August,3,1996,7,Sunday,True,False
19960908,1996-09-08,8,9,September,3,1996,7,Sunday,True,False
19960922,1996-09-22,22,9,September,3,1996,7,Sunday,True,False
19961013,1996-10-13,13,10,October,4,1996,7,Sunday,True,False
19950326,1995-03-26,26,3,March,1,1995,7,Sunday,True,False
19950409,1995-04-09,9,4,April,2,1995,7,Sunday,True,False
19950430,1995-04-30,30,4,April,2,1995,7,Sunday,True,False
19950514,1995-05-14,14,5,May,2,1995,7,Sunday,True,False
19950528,1995-05-28,28,5,May,2,1995,7,Sunday,True,False
19950611,1995-06-11,11,6,June,2,1995,7,Sunday,True,False
19950702,1995-07-02,2,7,July,3,1995,7,Sunday,True,False
19950716,1995-07-16,16,7,July,3,1995,7,Sunday,True,False
19950730,1995-07-30,30,7,July,3,1995,7,Sunday,True,False
19950813,1995-08-13,13,8,August,3,1995,7,Sunday,True,False
19950827,1995-08-27,27,8,August,3,1995,7,Sunday,True,False
19950910,1995-09-10,10,9,September,3,1995,7,Sunday,True,False
19950924,1995-09-24,24,9,September,3,1995,7,Sunday,True,False
19951001,1995-10-01,1,10,October,4,1995,7,Sunday,True,False
19951022,1995-10-22,22,10,October,4,1995,7,Sunday,True,False
19951029,1995-10-29,29,10,October,4,1995,7,Sunday,True,False
19951112,1995-11-12,12,11,November,4,1995,7,Sunday,True,False
19940327,1994-03-27,27,3,March,1,1994,7,Sunday,True,False
19940417,1994-04-17,17,4,April,2,1994,7,Sunday,True,False
19940501,1994-05-01,1,5,May,2,1994,7,Sunday,True,False
19940515,1994-05-15,15,5,May,2,1994,7,Sunday,True,False
19940529,1994-05-29,29,5,May,2,1994,7,Sunday,True,False
19940612,1994-06-12,12,6,June,2,1994,7,Sunday,True,False
19940703,1994-07-03,3,7,July,3,1994,7,Sunday,True,False
19940710,1994-07-10,10,7,July,3,1994,7,Sunday,True,False
19940731,1994-07-31,31,7,July,3,1994,7,Sunday,True,False
19940814,1994-08-14,14,8,August,3,1994,7,Sunday,True,False
19940828,1994-08-28,28,8,August,3,1994,7,Sunday,True,False
19940911,1994-09-11,11,9,September,3,1994,7,Sunday,True,False
19940925,1994-09-25,25,9,September,3,1994,7,Sunday,True,False
19941016,1994-10-16,16,10,October,4,1994,7,Sunday,True,False
19941106,1994-11-06,6,11,November,4,1994,7,Sunday,True,False
19941113,1994-11-13,13,11,November,4,1994,7,Sunday,True,False
19930314,1993-03-14,14,3,March,1,1993,7,Sunday,True,False
19930328,1993-03-28,28,3,March,1,1993,7,Sunday,True,False
19930411,1993-04-11,11,4,April,2,1993,7,Sunday,True,False
19930425,1993-04-25,25,4,April,2,1993,7,Sunday,True,False
19930509,1993-05-09,9,5,May,2,1993,7,Sunday,True,False
19930523,1993-05-23,23,5,May,2,1993,7,Sunday,True,False
19930613,1993-06-13,13,6,June,2,1993,7,Sunday,True,False
19930704,1993-07-04,4,7,July,3,1993,7,Sunday,True,False
19930711,1993-07-11,11,7,July,3,1993,7,Sunday,True,False
19930725,1993-07-25,25,7,July,3,1993,7,Sunday,True,False
19930815,1993-08-15,15,8,August,3,1993,7,Sunday,True,False
19930829,1993-08-29,29,8,August,3,1993,7,Sunday,True,False
19930912,1993-09-12,12,9,September,3,1993,7,Sunday,True,False
19930926,1993-09-26,26,9,September,3,1993,7,Sunday,True,False
19931024,1993-10-24,24,10,October,4,1993,7,Sunday,True,False
19931107,1993-11-07,7,11,November,4,1993,7,Sunday,True,False
19920301,1992-03-01,1,3,March,1,1992,7,Sunday,True,False
19920322,1992-03-22,22,3,March,1,1992,7,Sunday,True,False
19920405,1992-04-05,5,4,April,2,1992,7,Sunday,True,False
19920503,1992-05-03,3,5,May,2,1992,7,Sunday,True,False
19920517,1992-05-17,17,5,May,2,1992,7,Sunday,True,False
19920531,1992-05-31,31,5,May,2,1992,7,Sunday,True,False
19920614,1992-06-14,14,6,June,2,1992,7,Sunday,True,False
19920705,1992-07-05,5,7,July,3,1992,7,Sunday,True,False
19920712,1992-07-12,12,7,July,3,1992,7,Sunday,True,False
19920726,1992-07-26,26,7,July,3,1992,7,Sunday,True,False
19920816,1992-08-16,16,8,August,3,1992,7,Sunday,True,False
19920830,1992-08-30,30,8,August,3,1992,7,Sunday,True,False
19920913,1992-09-13,13,9,September,3,1992,7,Sunday,True,False
19920927,1992-09-27,27,9,September,3,1992,7,Sunday,True,False
19921025,1992-10-25,25,10,October,4,1992,7,Sunday,True,False
19921108,1992-11-08,8,11,November,4,1992,7,Sunday,True,False
19910310,1991-03-10,10,3,March,1,1991,7,Sunday,True,False
19910324,1991-03-24,24,3,March,1,1991,7,Sunday,True,False
19910428,1991-04-28,28,4,April,2,1991,7,Sunday,True,False
19910512,1991-05-12,12,5,May,2,1991,7,Sunday,True,False
19910602,1991-06-02,2,6,June,2,1991,7,Sunday,True,False
19910616,1991-06-16,16,6,June,2,1991,7,Sunday,True,False
19910707,1991-07-07,7,7,July,3,1991,7,Sunday,True,False
19910714,1991-07-14,14,7,July,3,1991,7,Sunday,True,False
19910728,1991-07-28,28,7,July,3,1991,7,Sunday,True,False
19910811,1991-08-11,11,8,August,3,1991,7,Sunday,True,False
19910825,1991-08-25,25,8,August,3,1991,7,Sunday,True,False
19910908,1991-09-08,8,9,September,3,1991,7,Sunday,True,False
19910922,1991-09-22,22,9,September,3,1991,7,Sunday,True,False
19910929,1991-09-29,29,9,September,3,1991,7,Sunday,True,False
19911020,1991-10-20,20,10,October,4,1991,7,Sunday,True,False
19911103,1991-11-03,3,11,November,4,1991,7,Sunday,True,False
19900311,1990-03-11,11,3,March,1,1990,7,Sunday,True,False
19900325,1990-03-25,25,3,March,1,1990,7,Sunday,True,False
19900513,1990-05-13,13,5,May,2,1990,7,Sunday,True,False
19900527,1990-05-27,27,5,May,2,1990,7,Sunday,True,False
19900610,1990-06-10,10,6,June,2,1990,7,Sunday,True,False
19900624,1990-06-24,24,6,June,2,1990,7,Sunday,True,False
19900708,1990-07-08,8,7,July,3,1990,7,Sunday,True,False
19900715,1990-07-15,15,7,July,3,1990,7,Sunday,True,False
19900729,1990-07-29,29,7,July,3,1990,7,Sunday,True,False
19900812,1990-08-12,12,8,August,3,1990,7,Sunday,True,False
19900826,1990-08-26,26,8,August,3,1990,7,Sunday,True,False
19900909,1990-09-09,9,9,September,3,1990,7,Sunday,True,False
19900923,1990-09-23,23,9,September,3,1990,7,Sunday,True,False
19900930,1990-09-30,30,9,September,3,1990,7,Sunday,True,False
19901021,1990-10-21,21,10,October,4,1990,7,Sunday,True,False
19901104,1990-11-04,4,11,November,4,1990,7,Sunday,True,False
20100314,2010-03-14,14,3,March,1,2010,7,Sunday,True,False
20100328,2010-03-28,28,3,March,1,2010,7,Sunday,True,False
20100404,2010-04-04,4,4,April,2,2010,7,Sunday,True,False
20100418,2010-04-18,18,4,April,2,2010,7,Sunday,True,False
20100509,2010-05-09,9,5,May,2,2010,7,Sunday,True,False
20100516,2010-05-16,16,5,May,2,2010,7,Sunday,True,False
20100530,2010-05-30,30,5,May,2,2010,7,Sunday,True,False
20100613,2010-06-13,13,6,June,2,2010,7,Sunday,True,False
20100627,2010-06-27,27,6,June,2,2010,7,Sunday,True,False
20100711,2010-07-11,11,7,July,3,2010,7,Sunday,True,False
20100725,2010-07-25,25,7,July,3,2010,7,Sunday,True,False
20100801,2010-08-01,1,8,August,3,2010,7,Sunday,True,False
20100829,2010-08-29,29,8,August,3,2010,7,Sunday,True,False
20100912,2010-09-12,12,9,September,3,2010,7,Sunday,True,False
20100926,2010-09-26,26,9,September,3,2010,7,Sunday,True,False
20101010,2010-10-10,10,10,October,4,2010,7,Sunday,True,False
20101024,2010-10-24,24,10,October,4,2010,7,Sunday,True,False
20101107,2010-11-07,7,11,November,4,2010,7,Sunday,True,False
20101114,2010-11-14,14,11,November,4,2010,7,Sunday,True,False
19890326,1989-03-26,26,3,March,1,1989,7,Sunday,True,False
19890423,1989-04-23,23,4,April,2,1989,7,Sunday,True,False
19890507,1989-05-07,7,5,May,2,1989,7,Sunday,True,False
19890528,1989-05-28,28,5,May,2,1989,7,Sunday,True,False
19890604,1989-06-04,4,6,June,2,1989,7,Sunday,True,False
19890618,1989-06-18,18,6,June,2,1989,7,Sunday,True,False
19890709,1989-07-09,9,7,July,3,1989,7,Sunday,True,False
19890716,1989-07-16,16,7,July,3,1989,7,Sunday,True,False
19890730,1989-07-30,30,7,July,3,1989,7,Sunday,True,False
19890813,1989-08-13,13,8,August,3,1989,7,Sunday,True,False
19890827,1989-08-27,27,8,August,3,1989,7,Sunday,True,False
19890910,1989-09-10,10,9,September,3,1989,7,Sunday,True,False
19890924,1989-09-24,24,9,September,3,1989,7,Sunday,True,False
19891001,1989-10-01,1,10,October,4,1989,7,Sunday,True,False
19891022,1989-10-22,22,10,October,4,1989,7,Sunday,True,False
19891105,1989-11-05,5,11,November,4,1989,7,Sunday,True,False
19880403,1988-04-03,3,4,April,2,1988,7,Sunday,True,False
19880501,1988-05-01,1,5,May,2,1988,7,Sunday,True,False
19880515,1988-05-15,15,5,May,2,1988,7,Sunday,True,False
19880529,1988-05-29,29,5,May,2,1988,7,Sunday,True,False
19880612,1988-06-12,12,6,June,2,1988,7,Sunday,True,False
19880619,1988-06-19,19,6,June,2,1988,7,Sunday,True,False
19880703,1988-07-03,3,7,July,3,1988,7,Sunday,True,False
19880710,1988-07-10,10,7,July,3,1988,7,Sunday,True,False
19880724,1988-07-24,24,7,July,3,1988,7,Sunday,True,False
19880807,1988-08-07,7,8,August,3,1988,7,Sunday,True,False
19880828,1988-08-28,28,8,August,3,1988,7,Sunday,True,False
19880911,1988-09-11,11,9,September,3,1988,7,Sunday,True,False
19880925,1988-09-25,25,9,September,3,1988,7,Sunday,True,False
19881002,1988-10-02,2,10,October,4,1988,7,Sunday,True,False
19881030,1988-10-30,30,10,October,4,1988,7,Sunday,True,False
19881113,1988-11-13,13,11,November,4,1988,7,Sunday,True,False
19870412,1987-04-12,12,4,April,2,1987,7,Sunday,True,False
19870503,1987-05-03,3,5,May,2,1987,7,Sunday,True,False
19870517,1987-05-17,17,5,May,2,1987,7,Sunday,True,False
19870531,1987-05-31,31,5,May,2,1987,7,Sunday,True,False
19870621,1987-06-21,21,6,June,2,1987,7,Sunday,True,False
19870705,1987-07-05,5,7,July,3,1987,7,Sunday,True,False
19870712,1987-07-12,12,7,July,3,1987,7,Sunday,True,False
19870726,1987-07-26,26,7,July,3,1987,7,Sunday,True,False
19870809,1987-08-09,9,8,August,3,1987,7,Sunday,True,False
19870816,1987-08-16,16,8,August,3,1987,7,Sunday,True,False
19870906,1987-09-06,6,9,September,3,1987,7,Sunday,True,False
19870920,1987-09-20,20,9,September,3,1987,7,Sunday,True,False
19870927,1987-09-27,27,9,September,3,1987,7,Sunday,True,False
19871018,1987-10-18,18,10,October,4,1987,7,Sunday,True,False
19871101,1987-11-01,1,11,November,4,1987,7,Sunday,True,False
19871115,1987-11-15,15,11,November,4,1987,7,Sunday,True,False
19860323,1986-03-23,23,3,March,1,1986,7,Sunday,True,False
19860413,1986-04-13,13,4,April,2,1986,7,Sunday,True,False
19860427,1986-04-27,27,4,April,2,1986,7,Sunday,True,False
19860511,1986-05-11,11,5,May,2,1986,7,Sunday,True,False
19860525,1986-05-25,25,5,May,2,1986,7,Sunday,True,False
19860615,1986-06-15,15,6,June,2,1986,7,Sunday,True,False
19860622,1986-06-22,22,6,June,2,1986,7,Sunday,True,False
19860706,1986-07-06,6,7,July,3,1986,7,Sunday,True,False
19860713,1986-07-13,13,7,July,3,1986,7,Sunday,True,False
19860727,1986-07-27,27,7,July,3,1986,7,Sunday,True,False
19860810,1986-08-10,10,8,August,3,1986,7,Sunday,True,False
19860817,1986-08-17,17,8,August,3,1986,7,Sunday,True,False
19860907,1986-09-07,7,9,September,3,1986,7,Sunday,True,False
19860921,1986-09-21,21,9,September,3,1986,7,Sunday,True,False
19861012,1986-10-12,12,10,October,4,1986,7,Sunday,True,False
19861026,1986-10-26,26,10,October,4,1986,7,Sunday,True,False
19850407,1985-04-07,7,4,April,2,1985,7,Sunday,True,False
19850421,1985-04-21,21,4,April,2,1985,7,Sunday,True,False
19850505,1985-05-05,5,5,May,2,1985,7,Sunday,True,False
19850519,1985-05-19,19,5,May,2,1985,7,Sunday,True,False
19850616,1985-06-16,16,6,June,2,1985,7,Sunday,True,False
19850623,1985-06-23,23,6,June,2,1985,7,Sunday,True,False
19850707,1985-07-07,7,7,July,3,1985,7,Sunday,True,False
19850721,1985-07-21,21,7,July,3,1985,7,Sunday,True,False
19850804,1985-08-04,4,8,August,3,1985,7,Sunday,True,False
19850818,1985-08-18,18,8,August,3,1985,7,Sunday,True,False
19850825,1985-08-25,25,8,August,3,1985,7,Sunday,True,False
19850908,1985-09-08,8,9,September,3,1985,7,Sunday,True,False
19850915,1985-09-15,15,9,September,3,1985,7,Sunday,True,False
19851006,1985-10-06,6,10,October,4,1985,7,Sunday,True,False
19851019,1985-10-19,19,10,October,4,1985,6,Saturday,True,False
19851103,1985-11-03,3,11,November,4,1985,7,Sunday,True,False
19840325,1984-03-25,25,3,March,1,1984,7,Sunday,True,False
19840407,1984-04-07,7,4,April,2,1984,6,Saturday,True,False
19840429,1984-04-29,29,4,April,2,1984,7,Sunday,True,False
19840506,1984-05-06,6,5,May,2,1984,7,Sunday,True,False
19840520,1984-05-20,20,5,May,2,1984,7,Sunday,True,False
19840603,1984-06-03,3,6,June,2,1984,7,Sunday,True,False
19840617,1984-06-17,17,6,June,2,1984,7,Sunday,True,False
19840624,1984-06-24,24,6,June,2,1984,7,Sunday,True,False
19840708,1984-07-08,8,7,July,3,1984,7,Sunday,True,False
19840722,1984-07-22,22,7,July,3,1984,7,Sunday,True,False
19840805,1984-08-05,5,8,August,3,1984,7,Sunday,True,False
19840819,1984-08-19,19,8,August,3,1984,7,Sunday,True,False
19840826,1984-08-26,26,8,August,3,1984,7,Sunday,True,False
19840909,1984-09-09,9,9,September,3,1984,7,Sunday,True,False
19841007,1984-10-07,7,10,October,4,1984,7,Sunday,True,False
19841021,1984-10-21,21,10,October,4,1984,7,Sunday,True,False
19830313,1983-03-13,13,3,March,1,1983,7,Sunday,True,False
19830327,1983-03-27,27,3,March,1,1983,7,Sunday,True,False
19830417,1983-04-17,17,4,April,2,1983,7,Sunday,True,False
19830501,1983-05-01,1,5,May,2,1983,7,Sunday,True,False
19830515,1983-05-15,15,5,May,2,1983,7,Sunday,True,False
19830522,1983-05-22,22,5,May,2,1983,7,Sunday,True,False
19830605,1983-06-05,5,6,June,2,1983,7,Sunday,True,False
19830612,1983-06-12,12,6,June,2,1983,7,Sunday,True,False
19830716,1983-07-16,16,7,July,3,1983,6,Saturday,True,False
19830807,1983-08-07,7,8,August,3,1983,7,Sunday,True,False
19830814,1983-08-14,14,8,August,3,1983,7,Sunday,True,False
19830828,1983-08-28,28,8,August,3,1983,7,Sunday,True,False
19830911,1983-09-11,11,9,September,3,1983,7,Sunday,True,False
19830925,1983-09-25,25,9,September,3,1983,7,Sunday,True,False
19831015,1983-10-15,15,10,October,4,1983,6,Saturday,True,False
19820123,1982-01-23,23,1,January,1,1982,6,Saturday,True,False
19820321,1982-03-21,21,3,March,1,1982,7,Sunday,True,False
19820404,1982-04-04,4,4,April,2,1982,7,Sunday,True,False
19820425,1982-04-25,25,4,April,2,1982,7,Sunday,True,False
19820509,1982-05-09,9,5,May,2,1982,7,Sunday,True,False
19820523,1982-05-23,23,5,May,2,1982,7,Sunday,True,False
19820606,1982-06-06,6,6,June,2,1982,7,Sunday,True,False
19820613,1982-06-13,13,6,June,2,1982,7,Sunday,True,False
19820703,1982-07-03,3,7,July,3,1982,6,Saturday,True,False
19820718,1982-07-18,18,7,July,3,1982,7,Sunday,True,False
19820725,1982-07-25,25,7,July,3,1982,7,Sunday,True,False
19820808,1982-08-08,8,8,August,3,1982,7,Sunday,True,False
19820815,1982-08-15,15,8,August,3,1982,7,Sunday,True,False
19820829,1982-08-29,29,8,August,3,1982,7,Sunday,True,False
19820912,1982-09-12,12,9,September,3,1982,7,Sunday,True,False
19820925,1982-09-25,25,9,September,3,1982,6,Saturday,True,False
19810315,1981-03-15,15,3,March,1,1981,7,Sunday,True,False
19810329,1981-03-29,29,3,March,1,1981,7,Sunday,True,False
19810412,1981-04-12,12,4,April,2,1981,7,Sunday,True,False
19810503,1981-05-03,3,5,May,2,1981,7,Sunday,True,False
19810517,1981-05-17,17,5,May,2,1981,7,Sunday,True,False
19810531,1981-05-31,31,5,May,2,1981,7,Sunday,True,False
19810621,1981-06-21,21,6,June,2,1981,7,Sunday,True,False
19810705,1981-07-05,5,7,July,3,1981,7,Sunday,True,False
19810718,1981-07-18,18,7,July,3,1981,6,Saturday,True,False
19810802,1981-08-02,2,8,August,3,1981,7,Sunday,True,False
19810816,1981-08-16,16,8,August,3,1981,7,Sunday,True,False
19810830,1981-08-30,30,8,August,3,1981,7,Sunday,True,False
19810913,1981-09-13,13,9,September,3,1981,7,Sunday,True,False
19810927,1981-09-27,27,9,September,3,1981,7,Sunday,True,False
19811017,1981-10-17,17,10,October,4,1981,6,Saturday,True,False
19800113,1980-01-13,13,1,January,1,1980,7,Sunday,True,False
19800127,1980-01-27,27,1,January,1,1980,7,Sunday,True,False
19800301,1980-03-01,1,3,March,1,1980,6,Saturday,True,False
19800330,1980-03-30,30,3,March,1,1980,7,Sunday,True,False
19800504,1980-05-04,4,5,May,2,1980,7,Sunday,True,False
19800518,1980-05-18,18,5,May,2,1980,7,Sunday,True,False
19800629,1980-06-29,29,6,June,2,1980,7,Sunday,True,False
19800713,1980-07-13,13,7,July,3,1980,7,Sunday,True,False
19800810,1980-08-10,10,8,August,3,1980,7,Sunday,True,False
19800817,1980-08-17,17,8,August,3,1980,7,Sunday,True,False
19800831,1980-08-31,31,8,August,3,1980,7,Sunday,True,False
19800914,1980-09-14,14,9,September,3,1980,7,Sunday,True,False
19800928,1980-09-28,28,9,September,3,1980,7,Sunday,True,False
19801005,1980-10-05,5,10,October,4,1980,7,Sunday,True,False
19790121,1979-01-21,21,1,January,1,1979,7,Sunday,True,False
19790204,1979-02-04,4,2,February,1,1979,7,Sunday,True,False
19790303,1979-03-03,3,3,March,1,1979,6,Saturday,True,False
19790408,1979-04-08,8,4,April,2,1979,7,Sunday,True,False
19790429,1979-04-29,29,4,April,2,1979,7,Sunday,True,False
19790513,1979-05-13,13,5,May,2,1979,7,Sunday,True,False
19790527,1979-05-27,27,5,May,2,1979,7,Sunday,True,False
19790701,1979-07-01,1,7,July,3,1979,7,Sunday,True,False
19790714,1979-07-14,14,7,July,3,1979,6,Saturday,True,False
19790729,1979-07-29,29,7,July,3,1979,7,Sunday,True,False
19790812,1979-08-12,12,8,August,3,1979,7,Sunday,True,False
19790826,1979-08-26,26,8,August,3,1979,7,Sunday,True,False
19790909,1979-09-09,9,9,September,3,1979,7,Sunday,True,False
19790930,1979-09-30,30,9,September,3,1979,7,Sunday,True,False
19791007,1979-10-07,7,10,October,4,1979,7,Sunday,True,False
19780115,1978-01-15,15,1,January,1,1978,7,Sunday,True,False
19780129,1978-01-29,29,1,January,1,1978,7,Sunday,True,False
19780304,1978-03-04,4,3,March,1,1978,6,Saturday,True,False
19780402,1978-04-02,2,4,April,2,1978,7,Sunday,True,False
19780507,1978-05-07,7,5,May,2,1978,7,Sunday,True,False
19780521,1978-05-21,21,5,May,2,1978,7,Sunday,True,False
19780604,1978-06-04,4,6,June,2,1978,7,Sunday,True,False
19780617,1978-06-17,17,6,June,2,1978,6,Saturday,True,False
19780702,1978-07-02,2,7,July,3,1978,7,Sunday,True,False
19780716,1978-07-16,16,7,July,3,1978,7,Sunday,True,False
19780730,1978-07-30,30,7,July,3,1978,7,Sunday,True,False
19780813,1978-08-13,13,8,August,3,1978,7,Sunday,True,False
19780827,1978-08-27,27,8,August,3,1978,7,Sunday,True,False
19780910,1978-09-10,10,9,September,3,1978,7,Sunday,True,False
19781001,1978-10-01,1,10,October,4,1978,7,Sunday,True,False
19781008,1978-10-08,8,10,October,4,1978,7,Sunday,True,False
19770109,1977-01-09,9,1,January,1,1977,7,Sunday,True,False
19770123,1977-01-23,23,1,January,1,1977,7,Sunday,True,False
19770305,1977-03-05,5,3,March,1,1977,6,Saturday,True,False
19770403,1977-04-03,3,4,April,2,1977,7,Sunday,True,False
19770508,1977-05-08,8,5,May,2,1977,7,Sunday,True,False
19770522,1977-05-22,22,5,May,2,1977,7,Sunday,True,False
19770605,1977-06-05,5,6,June,2,1977,7,Sunday,True,False
19770619,1977-06-19,19,6,June,2,1977,7,Sunday,True,False
19770703,1977-07-03,3,7,July,3,1977,7,Sunday,True,False
19770716,1977-07-16,16,7,July,3,1977,6,Saturday,True,False
19770731,1977-07-31,31,7,July,3,1977,7,Sunday,True,False
19770814,1977-08-14,14,8,August,3,1977,7,Sunday,True,False
19770828,1977-08-28,28,8,August,3,1977,7,Sunday,True,False
19770911,1977-09-11,11,9,September,3,1977,7,Sunday,True,False
19771002,1977-10-02,2,10,October,4,1977,7,Sunday,True,False
19771009,1977-10-09,9,10,October,4,1977,7,Sunday,True,False
19771023,1977-10-23,23,10,October,4,1977,7,Sunday,True,False
19760125,1976-01-25,25,1,January,1,1976,7,Sunday,True,False
19760306,1976-03-06,6,3,March,1,1976,6,Saturday,True,False
19760328,1976-03-28,28,3,March,1,1976,7,Sunday,True,False
19760502,1976-05-02,2,5,May,2,1976,7,Sunday,True,False
19760516,1976-05-16,16,5,May,2,1976,7,Sunday,True,False
19760530,1976-05-30,30,5,May,2,1976,7,Sunday,True,False
19760613,1976-06-13,13,6,June,2,1976,7,Sunday,True,False
19760704,1976-07-04,4,7,July,3,1976,7,Sunday,True,False
19760718,1976-07-18,18,7,July,3,1976,7,Sunday,True,False
19760801,1976-08-01,1,8,August,3,1976,7,Sunday,True,False
19760815,1976-08-15,15,8,August,3,1976,7,Sunday,True,False
19760829,1976-08-29,29,8,August,3,1976,7,Sunday,True,False
19760912,1976-09-12,12,9,September,3,1976,7,Sunday,True,False
19761003,1976-10-03,3,10,October,4,1976,7,Sunday,True,False
19761010,1976-10-10,10,10,October,4,1976,7,Sunday,True,False
19761024,1976-10-24,24,10,October,4,1976,7,Sunday,True,False
19750112,1975-01-12,12,1,January,1,1975,7,Sunday,True,False
19750126,1975-01-26,26,1,January,1,1975,7,Sunday,True,False
19750301,1975-03-01,1,3,March,1,1975,6,Saturday,True,False
19750427,1975-04-27,27,4,April,2,1975,7,Sunday,True,False
19750511,1975-05-11,11,5,May,2,1975,7,Sunday,True,False
19750525,1975-05-25,25,5,May,2,1975,7,Sunday,True,False
19750608,1975-06-08,8,6,June,2,1975,7,Sunday,True,False
19750622,1975-06-22,22,6,June,2,1975,7,Sunday,True,False
19750706,1975-07-06,6,7,July,3,1975,7,Sunday,True,False
19750719,1975-07-19,19,7,July,3,1975,6,Saturday,True,False
19750803,1975-08-03,3,8,August,3,1975,7,Sunday,True,False
19750817,1975-08-17,17,8,August,3,1975,7,Sunday,True,False
19750907,1975-09-07,7,9,September,3,1975,7,Sunday,True,False
19751005,1975-10-05,5,10,October,4,1975,7,Sunday,True,False
19740113,1974-01-13,13,1,January,1,1974,7,Sunday,True,False
19740127,1974-01-27,27,1,January,1,1974,7,Sunday,True,False
19740330,1974-03-30,30,3,March,1,1974,6,Saturday,True,False
19740428,1974-04-28,28,4,April,2,1974,7,Sunday,True,False
19740512,1974-05-12,12,5,May,2,1974,7,Sunday,True,False
19740526,1974-05-26,26,5,May,2,1974,7,Sunday,True,False
19740609,1974-06-09,9,6,June,2,1974,7,Sunday,True,False
19740623,1974-06-23,23,6,June,2,1974,7,Sunday,True,False
19740707,1974-07-07,7,7,July,3,1974,7,Sunday,True,False
19740720,1974-07-20,20,7,July,3,1974,6,Saturday,True,False
19740804,1974-08-04,4,8,August,3,1974,7,Sunday,True,False
19740818,1974-08-18,18,8,August,3,1974,7,Sunday,True,False
19740908,1974-09-08,8,9,September,3,1974,7,Sunday,True,False
19740922,1974-09-22,22,9,September,3,1974,7,Sunday,True,False
19741006,1974-10-06,6,10,October,4,1974,7,Sunday,True,False
19730128,1973-01-28,28,1,January,1,1973,7,Sunday,True,False
19730211,1973-02-11,11,2,February,1,1973,7,Sunday,True,False
19730303,1973-03-03,3,3,March,1,1973,6,Saturday,True,False
19730429,1973-04-29,29,4,April,2,1973,7,Sunday,True,False
19730520,1973-05-20,20,5,May,2,1973,7,Sunday,True,False
19730603,1973-06-03,3,6,June,2,1973,7,Sunday,True,False
19730617,1973-06-17,17,6,June,2,1973,7,Sunday,True,False
19730701,1973-07-01,1,7,July,3,1973,7,Sunday,True,False
19730714,1973-07-14,14,7,July,3,1973,6,Saturday,True,False
19730729,1973-07-29,29,7,July,3,1973,7,Sunday,True,False
19730805,1973-08-05,5,8,August,3,1973,7,Sunday,True,False
19730819,1973-08-19,19,8,August,3,1973,7,Sunday,True,False
19730909,1973-09-09,9,9,September,3,1973,7,Sunday,True,False
19730923,1973-09-23,23,9,September,3,1973,7,Sunday,True,False
19731007,1973-10-07,7,10,October,4,1973,7,Sunday,True,False
19720123,1972-01-23,23,1,January,1,1972,7,Sunday,True,False
19720304,1972-03-04,4,3,March,1,1972,6,Saturday,True,False
19720501,1972-05-01,1,5,May,2,1972,1,Monday,False,False
19720514,1972-05-14,14,5,May,2,1972,7,Sunday,True,False
19720604,1972-06-04,4,6,June,2,1972,7,Sunday,True,False
19720702,1972-07-02,2,7,July,3,1972,7,Sunday,True,False
19720715,1972-07-15,15,7,July,3,1972,6,Saturday,True,False
19720730,1972-07-30,30,7,July,3,1972,7,Sunday,True,False
19720813,1972-08-13,13,8,August,3,1972,7,Sunday,True,False
19720910,1972-09-10,10,9,September,3,1972,7,Sunday,True,False
19720924,1972-09-24,24,9,September,3,1972,7,Sunday,True,False
19721008,1972-10-08,8,10,October,4,1972,7,Sunday,True,False
19710306,1971-03-06,6,3,March,1,1971,6,Saturday,True,False
19710418,1971-04-18,18,4,April,2,1971,7,Sunday,True,False
19710523,1971-05-23,23,5,May,2,1971,7,Sunday,True,False
19710620,1971-06-20,20,6,June,2,1971,7,Sunday,True,False
19710704,1971-07-04,4,7,July,3,1971,7,Sunday,True,False
19710717,1971-07-17,17,7,July,3,1971,6,Saturday,True,False
19710801,1971-08-01,1,8,August,3,1971,7,Sunday,True,False
19710815,1971-08-15,15,8,August,3,1971,7,Sunday,True,False
19710905,1971-09-05,5,9,September,3,1971,7,Sunday,True,False
19710919,1971-09-19,19,9,September,3,1971,7,Sunday,True,False
19711003,1971-10-03,3,10,October,4,1971,7,Sunday,True,False
19700307,1970-03-07,7,3,March,1,1970,6,Saturday,True,False
19700419,1970-04-19,19,4,April,2,1970,7,Sunday,True,False
19700510,1970-05-10,10,5,May,2,1970,7,Sunday,True,False
19700607,1970-06-07,7,6,June,2,1970,7,Sunday,True,False
19700621,1970-06-21,21,6,June,2,1970,7,Sunday,True,False
19700705,1970-07-05,5,7,July,3,1970,7,Sunday,True,False
19700718,1970-07-18,18,7,July,3,1970,6,Saturday,True,False
19700802,1970-08-02,2,8,August,3,1970,7,Sunday,True,False
19700816,1970-08-16,16,8,August,3,1970,7,Sunday,True,False
19700906,1970-09-06,6,9,September,3,1970,7,Sunday,True,False
19700920,1970-09-20,20,9,September,3,1970,7,Sunday,True,False
19701004,1970-10-04,4,10,October,4,1970,7,Sunday,True,False
19701025,1970-10-25,25,10,October,4,1970,7,Sunday,True,False
19690301,1969-03-01,1,3,March,1,1969,6,Saturday,True,False
19690504,1969-05-04,4,5,May,2,1969,7,Sunday,True,False
19690518,1969-05-18,18,5,May,2,1969,7,Sunday,True,False
19690621,1969-06-21,21,6,June,2,1969,6,Saturday,True,False
19690706,1969-07-06,6,7,July,3,1969,7,Sunday,True,False
19690719,1969-07-19,19,7,July,3,1969,6,Saturday,True,False
19690803,1969-08-03,3,8,August,3,1969,7,Sunday,True,False
19690907,1969-09-07,7,9,September,3,1969,7,Sunday,True,False
19690920,1969-09-20,20,9,September,3,1969,6,Saturday,True,False
19691005,1969-10-05,5,10,October,4,1969,7,Sunday,True,False
19691019,1969-10-19,19,10,October,4,1969,7,Sunday,True,False
19680101,1968-01-01,1,1,January,1,1968,1,Monday,False,False
19680512,1968-05-12,12,5,May,2,1968,7,Sunday,True,False
19680526,1968-05-26,26,5,May,2,1968,7,Sunday,True,False
19680609,1968-06-09,9,6,June,2,1968,7,Sunday,True,False
19680623,1968-06-23,23,6,June,2,1968,7,Sunday,True,False
19680707,1968-07-07,7,7,July,3,1968,7,Sunday,True,False
19680720,1968-07-20,20,7,July,3,1968,6,Saturday,True,False
19680804,1968-08-04,4,8,August,3,1968,7,Sunday,True,False
19680908,1968-09-08,8,9,September,3,1968,7,Sunday,True,False
19680922,1968-09-22,22,9,September,3,1968,7,Sunday,True,False
19681006,1968-10-06,6,10,October,4,1968,7,Sunday,True,False
19681103,1968-11-03,3,11,November,4,1968,7,Sunday,True,False
19670102,1967-01-02,2,1,January,1,1967,1,Monday,False,False
19670507,1967-05-07,7,5,May,2,1967,7,Sunday,True,False
19670604,1967-06-04,4,6,June,2,1967,7,Sunday,True,False
19670618,1967-06-18,18,6,June,2,1967,7,Sunday,True,False
19670702,1967-07-02,2,7,July,3,1967,7,Sunday,True,False
19670715,1967-07-15,15,7,July,3,1967,6,Saturday,True,False
19670806,1967-08-06,6,8,August,3,1967,7,Sunday,True,False
19670827,1967-08-27,27,8,August,3,1967,7,Sunday,True,False
19670910,1967-09-10,10,9,September,3,1967,7,Sunday,True,False
19671001,1967-10-01,1,10,October,4,1967,7,Sunday,True,False
19671022,1967-10-22,22,10,October,4,1967,7,Sunday,True,False
19660522,1966-05-22,22,5,May,2,1966,7,Sunday,True,False
19660612,1966-06-12,12,6,June,2,1966,7,Sunday,True,False
19660703,1966-07-03,3,7,July,3,1966,7,Sunday,True,False
19660716,1966-07-16,16,7,July,3,1966,6,Saturday,True,False
19660724,1966-07-24,24,7,July,3,1966,7,Sunday,True,False
19660807,1966-08-07,7,8,August,3,1966,7,Sunday,True,False
19660904,1966-09-04,4,9,September,3,1966,7,Sunday,True,False
19661002,1966-10-02,2,10,October,4,1966,7,Sunday,True,False
19661023,1966-10-23,23,10,October,4,1966,7,Sunday,True,False
19650101,1965-01-01,1,1,January,1,1965,5,Friday,False,False
19650530,1965-05-30,30,5,May,2,1965,7,Sunday,True,False
19650613,1965-06-13,13,6,June,2,1965,7,Sunday,True,False
19650627,1965-06-27,27,6,June,2,1965,7,Sunday,True,False
19650710,1965-07-10,10,7,July,3,1965,6,Saturday,True,False
19650718,1965-07-18,18,7,July,3,1965,7,Sunday,True,False
19650801,1965-08-01,1,8,August,3,1965,7,Sunday,True,False
19650912,1965-09-12,12,9,September,3,1965,7,Sunday,True,False
19651003,1965-10-03,3,10,October,4,1965,7,Sunday,True,False
19651024,1965-10-24,24,10,October,4,1965,7,Sunday,True,False
19640510,1964-05-10,10,5,May,2,1964,7,Sunday,True,False
19640524,1964-05-24,24,5,May,2,1964,7,Sunday,True,False
19640614,1964-06-14,14,6,June,2,1964,7,Sunday,True,False
19640628,1964-06-28,28,6,June,2,1964,7,Sunday,True,False
19640711,1964-07-11,11,7,July,3,1964,6,Saturday,True,False
19640802,1964-08-02,2,8,August,3,1964,7,Sunday,True,False
19640823,1964-08-23,23,8,August,3,1964,7,Sunday,True,False
19640906,1964-09-06,6,9,September,3,1964,7,Sunday,True,False
19641004,1964-10-04,4,10,October,4,1964,7,Sunday,True,False
19641025,1964-10-25,25,10,October,4,1964,7,Sunday,True,False
19630526,1963-05-26,26,5,May,2,1963,7,Sunday,True,False
19630609,1963-06-09,9,6,June,2,1963,7,Sunday,True,False
19630623,1963-06-23,23,6,June,2,1963,7,Sunday,True,False
19630630,1963-06-30,30,6,June,2,1963,7,Sunday,True,False
19630720,1963-07-20,20,7,July,3,1963,6,Saturday,True,False
19630804,1963-08-04,4,8,August,3,1963,7,Sunday,True,False
19630908,1963-09-08,8,9,September,3,1963,7,Sunday,True,False
19631006,1963-10-06,6,10,October,4,1963,7,Sunday,True,False
19631027,1963-10-27,27,10,October,4,1963,7,Sunday,True,False
19631228,1963-12-28,28,12,December,4,1963,6,Saturday,True,False
19620520,1962-05-20,20,5,May,2,1962,7,Sunday,True,False
19620603,1962-06-03,3,6,June,2,1962,7,Sunday,True,False
19620617,1962-06-17,17,6,June,2,1962,7,Sunday,True,False
19620708,1962-07-08,8,7,July,3,1962,7,Sunday,True,False
19620721,1962-07-21,21,7,July,3,1962,6,Saturday,True,False
19620805,1962-08-05,5,8,August,3,1962,7,Sunday,True,False
19620916,1962-09-16,16,9,September,3,1962,7,Sunday,True,False
19621007,1962-10-07,7,10,October,4,1962,7,Sunday,True,False
19621229,1962-12-29,29,12,December,4,1962,6,Saturday,True,False
19610514,1961-05-14,14,5,May,2,1961,7,Sunday,True,False
19610522,1961-05-22,22,5,May,2,1961,1,Monday,False,False
19610618,1961-06-18,18,6,June,2,1961,7,Sunday,True,False
19610702,1961-07-02,2,7,July,3,1961,7,Sunday,True,False
19610715,1961-07-15,15,7,July,3,1961,6,Saturday,True,False
19610806,1961-08-06,6,8,August,3,1961,7,Sunday,True,False
19610910,1961-09-10,10,9,September,3,1961,7,Sunday,True,False
19611008,1961-10-08,8,10,October,4,1961,7,Sunday,True,False
19600207,1960-02-07,7,2,February,1,1960,7,Sunday,True,False
19600529,1960-05-29,29,5,May,2,1960,7,Sunday,True,False
19600530,1960-05-30,30,5,May,2,1960,1,Monday,False,False
19600606,1960-06-06,6,6,June,2,1960,1,Monday,False,False
19600619,1960-06-19,19,6,June,2,1960,7,Sunday,True,False
19600703,1960-07-03,3,7,July,3,1960,7,Sunday,True,False
19600716,1960-07-16,16,7,July,3,1960,6,Saturday,True,False
19600814,1960-08-14,14,8,August,3,1960,7,Sunday,True,False
19600904,1960-09-04,4,9,September,3,1960,7,Sunday,True,False
19601120,1960-11-20,20,11,November,4,1960,7,Sunday,True,False
19590510,1959-05-10,10,5,May,2,1959,7,Sunday,True,False
19590530,1959-05-30,30,5,May,2,1959,6,Saturday,True,False
19590531,1959-05-31,31,5,May,2,1959,7,Sunday,True,False
19590705,1959-07-05,5,7,July,3,1959,7,Sunday,True,False
19590718,1959-07-18,18,7,July,3,1959,6,Saturday,True,False
19590802,1959-08-02,2,8,August,3,1959,7,Sunday,True,False
19590823,1959-08-23,23,8,August,3,1959,7,Sunday,True,False
19590913,1959-09-13,13,9,September,3,1959,7,Sunday,True,False
19591212,1959-12-12,12,12,December,4,1959,6,Saturday,True,False
19580119,1958-01-19,19,1,January,1,1958,7,Sunday,True,False
19580518,1958-05-18,18,5,May,2,1958,7,Sunday,True,False
19580526,1958-05-26,26,5,May,2,1958,1,Monday,False,False
19580530,1958-05-30,30,5,May,2,1958,5,Friday,False,False
19580615,1958-06-15,15,6,June,2,1958,7,Sunday,True,False
19580706,1958-07-06,6,7,July,3,1958,7,Sunday,True,False
19580719,1958-07-19,19,7,July,3,1958,6,Saturday,True,False
19580803,1958-08-03,3,8,August,3,1958,7,Sunday,True,False
19580824,1958-08-24,24,8,August,3,1958,7,Sunday,True,False
19580907,1958-09-07,7,9,September,3,1958,7,Sunday,True,False
19581019,1958-10-19,19,10,October,4,1958,7,Sunday,True,False
19570113,1957-01-13,13,1,January,1,1957,7,Sunday,True,False
19570519,1957-05-19,19,5,May,2,1957,7,Sunday,True,False
19570530,1957-05-30,30,5,May,2,1957,4,Thursday,False,False
19570707,1957-07-07,7,7,July,3,1957,7,Sunday,True,False
19570720,1957-07-20,20,7,July,3,1957,6,Saturday,True,False
19570804,1957-08-04,4,8,August,3,1957,7,Sunday,True,False
19570818,1957-08-18,18,8,August,3,1957,7,Sunday,True,False
19570908,1957-09-08,8,9,September,3,1957,7,Sunday,True,False
19560122,1956-01-22,22,1,January,1,1956,7,Sunday,True,False
19560513,1956-05-13,13,5,May,2,1956,7,Sunday,True,False
19560530,1956-05-30,30,5,May,2,1956,3,Wednesday,False,False
19560603,1956-06-03,3,6,June,2,1956,7,Sunday,True,False
19560701,1956-07-01,1,7,July,3,1956,7,Sunday,True,False
19560714,1956-07-14,14,7,July,3,1956,6,Saturday,True,False
19560805,1956-08-05,5,8,August,3,1956,7,Sunday,True,False
19560902,1956-09-02,2,9,September,3,1956,7,Sunday,True,False
19550116,1955-01-16,16,1,January,1,1955,7,Sunday,True,False
19550522,1955-05-22,22,5,May,2,1955,7,Sunday,True,False
19550530,1955-05-30,30,5,May,2,1955,1,Monday,False,False
19550605,1955-06-05,5,6,June,2,1955,7,Sunday,True,False
19550619,1955-06-19,19,6,June,2,1955,7,Sunday,True,False
19550716,1955-07-16,16,7,July,3,1955,6,Saturday,True,False
19550911,1955-09-11,11,9,September,3,1955,7,Sunday,True,False
19540117,1954-01-17,17,1,January,1,1954,7,Sunday,True,False
19540531,1954-05-31,31,5,May,2,1954,1,Monday,False,False
19540620,1954-06-20,20,6,June,2,1954,7,Sunday,True,False
19540704,1954-07-04,4,7,July,3,1954,7,Sunday,True,False
19540717,1954-07-17,17,7,July,3,1954,6,Saturday,True,False
19540801,1954-08-01,1,8,August,3,1954,7,Sunday,True,False
19540822,1954-08-22,22,8,August,3,1954,7,Sunday,True,False
19540905,1954-09-05,5,9,September,3,1954,7,Sunday,True,False
19541024,1954-10-24,24,10,October,4,1954,7,Sunday,True,False
19530118,1953-01-18,18,1,January,1,1953,7,Sunday,True,False
19530530,1953-05-30,30,5,May,2,1953,6,Saturday,True,False
19530607,1953-06-07,7,6,June,2,1953,7,Sunday,True,False
19530621,1953-06-21,21,6,June,2,1953,7,Sunday,True,False
19530705,1953-07-05,5,7,July,3,1953,7,Sunday,True,False
19530718,1953-07-18,18,7,July,3,1953,6,Saturday,True,False
19530802,1953-08-02,2,8,August,3,1953,7,Sunday,True,False
19530823,1953-08-23,23,8,August,3,1953,7,Sunday,True,False
19530913,1953-09-13,13,9,September,3,1953,7,Sunday,True,False
19520518,1952-05-18,18,5,May,2,1952,7,Sunday,True,False
19520530,1952-05-30,30,5,May,2,1952,5,Friday,False,False
19520622,1952-06-22,22,6,June,2,1952,7,Sunday,True,False
19520706,1952-07-06,6,7,July,3,1952,7,Sunday,True,False
19520719,1952-07-19,19,7,July,3,1952,6,Saturday,True,False
19520803,1952-08-03,3,8,August,3,1952,7,Sunday,True,False
19520817,1952-08-17,17,8,August,3,1952,7,Sunday,True,False
19520907,1952-09-07,7,9,September,3,1952,7,Sunday,True,False
19510527,1951-05-27,27,5,May,2,1951,7,Sunday,True,False
19510530,1951-05-30,30,5,May,2,1951,3,Wednesday,False,False
19510617,1951-06-17,17,6,June,2,1951,7,Sunday,True,False
19510701,1951-07-01,1,7,July,3,1951,7,Sunday,True,False
19510714,1951-07-14,14,7,July,3,1951,6,Saturday,True,False
19510729,1951-07-29,29,7,July,3,1951,7,Sunday,True,False
19510916,1951-09-16,16,9,September,3,1951,7,Sunday,True,False
19511028,1951-10-28,28,10,October,4,1951,7,Sunday,True,False
19500513,1950-05-13,13,5,May,2,1950,6,Saturday,True,False
19500521,1950-05-21,21,5,May,2,1950,7,Sunday,True,False
19500530,1950-05-30,30,5,May,2,1950,2,Tuesday,False,False
19500604,1950-06-04,4,6,June,2,1950,7,Sunday,True,False
19500618,1950-06-18,18,6,June,2,1950,7,Sunday,True,False
19500702,1950-07-02,2,7,July,3,1950,7,Sunday,True,False
19500903,1950-09-03,3,9,September,3,1950,7,Sunday,True,False
20110327,2011-03-27,27,3,March,1,2011,7,Sunday,True,False
20110410,2011-04-10,10,4,April,2,2011,7,Sunday,True,False
20110417,2011-04-17,17,4,April,2,2011,7,Sunday,True,False
20110508,2011-05-08,8,5,May,2,2011,7,Sunday,True,False
20110522,2011-05-22,22,5,May,2,2011,7,Sunday,True,False
20110529,2011-05-29,29,5,May,2,2011,7,Sunday,True,False
20110612,2011-06-12,12,6,June,2,2011,7,Sunday,True,False
20110626,2011-06-26,26,6,June,2,2011,7,Sunday,True,False
20110710,2011-07-10,10,7,July,3,2011,7,Sunday,True,False
20110724,2011-07-24,24,7,July,3,2011,7,Sunday,True,False
20110731,2011-07-31,31,7,July,3,2011,7,Sunday,True,False
20110828,2011-08-28,28,8,August,3,2011,7,Sunday,True,False
20110911,2011-09-11,11,9,September,3,2011,7,Sunday,True,False
20110925,2011-09-25,25,9,September,3,2011,7,Sunday,True,False
20111009,2011-10-09,9,10,October,4,2011,7,Sunday,True,False
20111016,2011-10-16,16,10,October,4,2011,7,Sunday,True,False
20111030,2011-10-30,30,10,October,4,2011,7,Sunday,True,False
20111113,2011-11-13,13,11,November,4,2011,7,Sunday,True,False
20111127,2011-11-27,27,11,November,4,2011,7,Sunday,True,False
20120318,2012-03-18,18,3,March,1,2012,7,Sunday,True,False
20120325,2012-03-25,25,3,March,1,2012,7,Sunday,True,False
20120415,2012-04-15,15,4,April,2,2012,7,Sunday,True,False
20120422,2012-04-22,22,4,April,2,2012,7,Sunday,True,False
20120513,2012-05-13,13,5,May,2,2012,7,Sunday,True,False
20120527,2012-05-27,27,5,May,2,2012,7,Sunday,True,False
20120610,2012-06-10,10,6,June,2,2012,7,Sunday,True,False
20120624,2012-06-24,24,6,June,2,2012,7,Sunday,True,False
20120708,2012-07-08,8,7,July,3,2012,7,Sunday,True,False
20120722,2012-07-22,22,7,July,3,2012,7,Sunday,True,False
20120729,2012-07-29,29,7,July,3,2012,7,Sunday,True,False
20120902,2012-09-02,2,9,September,3,2012,7,Sunday,True,False
20120909,2012-09-09,9,9,September,3,2012,7,Sunday,True,False
20120923,2012-09-23,23,9,September,3,2012,7,Sunday,True,False
20121007,2012-10-07,7,10,October,4,2012,7,Sunday,True,False
20121014,2012-10-14,14,10,October,4,2012,7,Sunday,True,False
20121028,2012-10-28,28,10,October,4,2012,7,Sunday,True,False
20121104,2012-11-04,4,11,November,4,2012,7,Sunday,True,False
20121118,2012-11-18,18,11,November,4,2012,7,Sunday,True,False
20121125,2012-11-25,25,11,November,4,2012,7,Sunday,True,False
20130317,2013-03-17,17,3,March,1,2013,7,Sunday,True,False
20130324,2013-03-24,24,3,March,1,2013,7,Sunday,True,False
20130414,2013-04-14,14,4,April,2,2013,7,Sunday,True,False
20130421,2013-04-21,21,4,April,2,2013,7,Sunday,True,False
20130512,2013-05-12,12,5,May,2,2013,7,Sunday,True,False
20130526,2013-05-26,26,5,May,2,2013,7,Sunday,True,False
20130609,2013-06-09,9,6,June,2,2013,7,Sunday,True,False
20130630,2013-06-30,30,6,June,2,2013,7,Sunday,True,False
20130707,2013-07-07,7,7,July,3,2013,7,Sunday,True,False
20130728,2013-07-28,28,7,July,3,2013,7,Sunday,True,False
20130825,2013-08-25,25,8,August,3,2013,7,Sunday,True,False
20130908,2013-09-08,8,9,September,3,2013,7,Sunday,True,False
20130922,2013-09-22,22,9,September,3,2013,7,Sunday,True,False
20131006,2013-10-06,6,10,October,4,2013,7,Sunday,True,False
20131013,2013-10-13,13,10,October,4,2013,7,Sunday,True,False
20131027,2013-10-27,27,10,October,4,2013,7,Sunday,True,False
20131103,2013-11-03,3,11,November,4,2013,7,Sunday,True,False
20131117,2013-11-17,17,11,November,4,2013,7,Sunday,True,False
20131124,2013-11-24,24,11,November,4,2013,7,Sunday,True,False
20140316,2014-03-16,16,3,March,1,2014,7,Sunday,True,False
20140330,2014-03-30,30,3,March,1,2014,7,Sunday,True,False
20140406,2014-04-06,6,4,April,2,2014,7,Sunday,True,False
20140420,2014-04-20,20,4,April,2,2014,7,Sunday,True,False
20140511,2014-05-11,11,5,May,2,2014,7,Sunday,True,False
20140525,2014-05-25,25,5,May,2,2014,7,Sunday,True,False
20140608,2014-06-08,8,6,June,2,2014,7,Sunday,True,False
20140622,2014-06-22,22,6,June,2,2014,7,Sunday,True,False
20140706,2014-07-06,6,7,July,3,2014,7,Sunday,True,False
20140720,2014-07-20,20,7,July,3,2014,7,Sunday,True,False
20140727,2014-07-27,27,7,July,3,2014,7,Sunday,True,False
20140824,2014-08-24,24,8,August,3,2014,7,Sunday,True,False
20140907,2014-09-07,7,9,September,3,2014,7,Sunday,True,False
20140921,2014-09-21,21,9,September,3,2014,7,Sunday,True,False
20141005,2014-10-05,5,10,October,4,2014,7,Sunday,True,False
20141012,2014-10-12,12,10,October,4,2014,7,Sunday,True,False
20141102,2014-11-02,2,11,November,4,2014,7,Sunday,True,False
20141109,2014-11-09,9,11,November,4,2014,7,Sunday,True,False
20141123,2014-11-23,23,11,November,4,2014,7,Sunday,True,False
20150524,2015-05-24,24,5,May,2,2015,7,Sunday,True,False
20150607,2015-06-07,7,6,June,2,2015,7,Sunday,True,False
20150419,2015-04-19,19,4,April,2,2015,7,Sunday,True,False
20150510,2015-05-10,10,5,May,2,2015,7,Sunday,True,False
20150412,2015-04-12,12,4,April,2,2015,7,Sunday,True,False
20150315,2015-03-15,15,3,March,1,2015,7,Sunday,True,False
20150329,2015-03-29,29,3,March,1,2015,7,Sunday,True,False
20150621,2015-06-21,21,6,June,2,2015,7,Sunday,True,False
20150705,2015-07-05,5,7,July,3,2015,7,Sunday,True,False
20150726,2015-07-26,26,7,July,3,2015,7,Sunday,True,False
20150823,2015-08-23,23,8,August,3,2015,7,Sunday,True,False
20150906,2015-09-06,6,9,September,3,2015,7,Sunday,True,False
20150920,2015-09-20,20,9,September,3,2015,7,Sunday,True,False
20150927,2015-09-27,27,9,September,3,2015,7,Sunday,True,False
20151011,2015-10-11,11,10,October,4,2015,7,Sunday,True,False
20151025,2015-10-25,25,10,October,4,2015,7,Sunday,True,False
20151101,2015-11-01,1,11,November,4,2015,7,Sunday,True,False
20151115,2015-11-15,15,11,November,4,2015,7,Sunday,True,False
20151129,2015-11-29,29,11,November,4,2015,7,Sunday,True,False
20160320,2016-03-20,20,3,March,1,2016,7,Sunday,True,False
20160403,2016-04-03,3,4,April,2,2016,7,Sunday,True,False
20160417,2016-04-17,17,4,April,2,2016,7,Sunday,True,False
20160501,2016-05-01,1,5,May,2,2016,7,Sunday,True,False
20160515,2016-05-15,15,5,May,2,2016,7,Sunday,True,False
20160529,2016-05-29,29,5,May,2,2016,7,Sunday,True,False
20160612,2016-06-12,12,6,June,2,2016,7,Sunday,True,False
20160619,2016-06-19,19,6,June,2,2016,7,Sunday,True,False
20160703,2016-07-03,3,7,July,3,2016,7,Sunday,True,False
20160710,2016-07-10,10,7,July,3,2016,7,Sunday,True,False
20160724,2016-07-24,24,7,July,3,2016,7,Sunday,True,False
20160731,2016-07-31,31,7,July,3,2016,7,Sunday,True,False
20160828,2016-08-28,28,8,August,3,2016,7,Sunday,True,False
20160904,2016-09-04,4,9,September,3,2016,7,Sunday,True,False
20160918,2016-09-18,18,9,September,3,2016,7,Sunday,True,False
20161002,2016-10-02,2,10,October,4,2016,7,Sunday,True,False
20161009,2016-10-09,9,10,October,4,2016,7,Sunday,True,False
20161023,2016-10-23,23,10,October,4,2016,7,Sunday,True,False
20161030,2016-10-30,30,10,October,4,2016,7,Sunday,True,False
20161113,2016-11-13,13,11,November,4,2016,7,Sunday,True,False
20161127,2016-11-27,27,11,November,4,2016,7,Sunday,True,False
20170326,2017-03-26,26,3,March,1,2017,7,Sunday,True,False
20170409,2017-04-09,9,4,April,2,2017,7,Sunday,True,False
20170416,2017-04-16,16,4,April,2,2017,7,Sunday,True,False
20170430,2017-04-30,30,4,April,2,2017,7,Sunday,True,False
20170514,2017-05-14,14,5,May,2,2017,7,Sunday,True,False
20170528,2017-05-28,28,5,May,2,2017,7,Sunday,True,False
20170611,2017-06-11,11,6,June,2,2017,7,Sunday,True,False
20170625,2017-06-25,25,6,June,2,2017,7,Sunday,True,False
20170709,2017-07-09,9,7,July,3,2017,7,Sunday,True,False
20170716,2017-07-16,16,7,July,3,2017,7,Sunday,True,False
20170730,2017-07-30,30,7,July,3,2017,7,Sunday,True,False
20170827,2017-08-27,27,8,August,3,2017,7,Sunday,True,False
20170903,2017-09-03,3,9,September,3,2017,7,Sunday,True,False
20170917,2017-09-17,17,9,September,3,2017,7,Sunday,True,False
20171001,2017-10-01,1,10,October,4,2017,7,Sunday,True,False
20171008,2017-10-08,8,10,October,4,2017,7,Sunday,True,False
20171022,2017-10-22,22,10,October,4,2017,7,Sunday,True,False
20171029,2017-10-29,29,10,October,4,2017,7,Sunday,True,False
20171112,2017-11-12,12,11,November,4,2017,7,Sunday,True,False
20171126,2017-11-26,26,11,November,4,2017,7,Sunday,True,False
20180325,2018-03-25,25,3,March,1,2018,7,Sunday,True,False
20180408,2018-04-08,8,4,April,2,2018,7,Sunday,True,False
20180415,2018-04-15,15,4,April,2,2018,7,Sunday,True,False
20180429,2018-04-29,29,4,April,2,2018,7,Sunday,True,False
20180513,2018-05-13,13,5,May,2,2018,7,Sunday,True,False
20180527,2018-05-27,27,5,May,2,2018,7,Sunday,True,False
20180610,2018-06-10,10,6,June,2,2018,7,Sunday,True,False
20180624,2018-06-24,24,6,June,2,2018,7,Sunday,True,False
20180701,2018-07-01,1,7,July,3,2018,7,Sunday,True,False
20180708,2018-07-08,8,7,July,3,2018,7,Sunday,True,False
20180722,2018-07-22,22,7,July,3,2018,7,Sunday,True,False
20180729,2018-07-29,29,7,July,3,2018,7,Sunday,True,False
20180826,2018-08-26,26,8,August,3,2018,7,Sunday,True,False
20180902,2018-09-02,2,9,September,3,2018,7,Sunday,True,False
20180916,2018-09-16,16,9,September,3,2018,7,Sunday,True,False
20180930,2018-09-30,30,9,September,3,2018,7,Sunday,True,False
20181007,2018-10-07,7,10,October,4,2018,7,Sunday,True,False
20181021,2018-10-21,21,10,October,4,2018,7,Sunday,True,False
20181028,2018-10-28,28,10,October,4,2018,7,Sunday,True,False
20181111,2018-11-11,11,11,November,4,2018,7,Sunday,True,False
20181125,2018-11-25,25,11,November,4,2018,7,Sunday,True,False
20190317,2019-03-17,17,3,March,1,2019,7,Sunday,True,False
20190331,2019-03-31,31,3,March,1,2019,7,Sunday,True,False
20190414,2019-04-14,14,4,April,2,2019,7,Sunday,True,False
20190428,2019-04-28,28,4,April,2,2019,7,Sunday,True,False
20190512,2019-05-12,12,5,May,2,2019,7,Sunday,True,False
20190526,2019-05-26,26,5,May,2,2019,7,Sunday,True,False
20190609,2019-06-09,9,6,June,2,2019,7,Sunday,True,False
20190623,2019-06-23,23,6,June,2,2019,7,Sunday,True,False
20190630,2019-06-30,30,6,June,2,2019,7,Sunday,True,False
20190714,2019-07-14,14,7,July,3,2019,7,Sunday,True,False
20190728,2019-07-28,28,7,July,3,2019,7,Sunday,True,False
20190804,2019-08-04,4,8,August,3,2019,7,Sunday,True,False
20190901,2019-09-01,1,9,September,3,2019,7,Sunday,True,False
20190908,2019-09-08,8,9,September,3,2019,7,Sunday,True,False
20190922,2019-09-22,22,9,September,3,2019,7,Sunday,True,False
20190929,2019-09-29,29,9,September,3,2019,7,Sunday,True,False
20191013,2019-10-13,13,10,October,4,2019,7,Sunday,True,False
20191027,2019-10-27,27,10,October,4,2019,7,Sunday,True,False
20191103,2019-11-03,3,11,November,4,2019,7,Sunday,True,False
20191117,2019-11-17,17,11,November,4,2019,7,Sunday,True,False
20191201,2019-12-01,1,12,December,4,2019,7,Sunday,True,False
20200705,2020-07-05,5,7,July,3,2020,7,Sunday,True,False
20200712,2020-07-12,12,7,July,3,2020,7,Sunday,True,False
20200719,2020-07-19,19,7,July,3,2020,7,Sunday,True,False
20200802,2020-08-02,2,8,August,3,2020,7,Sunday,True,False
20200809,2020-08-09,9,8,August,3,2020,7,Sunday,True,False
20200816,2020-08-16,16,8,August,3,2020,7,Sunday,True,False
20200830,2020-08-30,30,8,August,3,2020,7,Sunday,True,False
20200906,2020-09-06,6,9,September,3,2020,7,Sunday,True,False
20200913,2020-09-13,13,9,September,3,2020,7,Sunday,True,False
20200927,2020-09-27,27,9,September,3,2020,7,Sunday,True,False
20201011,2020-10-11,11,10,October,4,2020,7,Sunday,True,False
20201025,2020-10-25,25,10,October,4,2020,7,Sunday,True,False
20201101,2020-11-01,1,11,November,4,2020,7,Sunday,True,False
20201115,2020-11-15,15,11,November,4,2020,7,Sunday,True,False
20201129,2020-11-29,29,11,November,4,2020,7,Sunday,True,False
20201206,2020-12-06,6,12,December,4,2020,7,Sunday,True,False
20201213,2020-12-13,13,12,December,4,2020,7,Sunday,True,False
20210418,2021-04-18,18,4,April,2,2021,7,Sunday,True,False
20220320,2022-03-20,20,3,March,1,2022,7,Sunday,True,False
20210328,2021-03-28,28,3,March,1,2021,7,Sunday,True,False
20211121,2021-11-21,21,11,November,4,2021,7,Sunday,True,False
20210502,2021-05-02,2,5,May,2,2021,7,Sunday,True,False
20210509,2021-05-09,9,5,May,2,2021,7,Sunday,True,False
20210523,2021-05-23,23,5,May,2,2021,7,Sunday,True,False
20210606,2021-06-06,6,6,June,2,2021,7,Sunday,True,False
20210627,2021-06-27,27,6,June,2,2021,7,Sunday,True,False
20210620,2021-06-20,20,6,June,2,2021,7,Sunday,True,False
20210704,2021-07-04,4,7,July,3,2021,7,Sunday,True,False
20210718,2021-07-18,18,7,July,3,2021,7,Sunday,True,False
20210801,2021-08-01,1,8,August,3,2021,7,Sunday,True,False
20210829,2021-08-29,29,8,August,3,2021,7,Sunday,True,False
20210905,2021-09-05,5,9,September,3,2021,7,Sunday,True,False
20210912,2021-09-12,12,9,September,3,2021,7,Sunday,True,False
20210926,2021-09-26,26,9,September,3,2021,7,Sunday,True,False
20211010,2021-10-10,10,10,October,4,2021,7,Sunday,True,False
20211024,2021-10-24,24,10,October,4,2021,7,Sunday,True,False
20211107,2021-11-07,7,11,November,4,2021,7,Sunday,True,False
20211114,2021-11-14,14,11,November,4,2021,7,Sunday,True,False
20211205,2021-12-05,5,12,December,4,2021,7,Sunday,True,False
20211212,2021-12-12,12,12,December,4,2021,7,Sunday,True,False
20220327,2022-03-27,27,3,March,1,2022,7,Sunday,True,False
20220410,2022-04-10,10,4,April,2,2022,7,Sunday,True,False
20220424,2022-04-24,24,4,April,2,2022,7,Sunday,True,False
20220508,2022-05-08,8,5,May,2,2022,7,Sunday,True,False
20220522,2022-05-22,22,5,May,2,2022,7,Sunday,True,False
20220529,2022-05-29,29,5,May,2,2022,7,Sunday,True,False
20220612,2022-06-12,12,6,June,2,2022,7,Sunday,True,False
20220619,2022-06-19,19,6,June,2,2022,7,Sunday,True,False
20220703,2022-07-03,3,7,July,3,2022,7,Sunday,True,False
20220710,2022-07-10,10,7,July,3,2022,7,Sunday,True,False
20220724,2022-07-24,24,7,July,3,2022,7,Sunday,True,False
20220731,2022-07-31,31,7,July,3,2022,7,Sunday,True,False
20220828,2022-08-28,28,8,August,3,2022,7,Sunday,True,False
20220904,2022-09-04,4,9,September,3,2022,7,Sunday,True,False
20220911,2022-09-11,11,9,September,3,2022,7,Sunday,True,False
20221002,2022-10-02,2,10,October,4,2022,7,Sunday,True,False
20221009,2022-10-09,9,10,October,4,2022,7,Sunday,True,False
20221023,2022-10-23,23,10,October,4,2022,7,Sunday,True,False
20221030,2022-10-30,30,10,October,4,2022,7,Sunday,True,False
20221113,2022-11-13,13,11,November,4,2022,7,Sunday,True,False
20221120,2022-11-20,20,11,November,4,2022,7,Sunday,True,False
20230305,2023-03-05,5,3,March,1,2023,7,Sunday,True,False
20230319,2023-03-19,19,3,March,1,2023,7,Sunday,True,False
20230402,2023-04-02,2,4,April,2,2023,7,Sunday,True,False
20230430,2023-04-30,30,4,April,2,2023,7,Sunday,True,False
20230507,2023-05-07,7,5,May,2,2023,7,Sunday,True,False
20230528,2023-05-28,28,5,May,2,2023,7,Sunday,True,False
20230604,2023-06-04,4,6,June,2,2023,7,Sunday,True,False
20230618,2023-06-18,18,6,June,2,2023,7,Sunday,True,False
20230702,2023-07-02,2,7,July,3,2023,7,Sunday,True,False
20230709,2023-07-09,9,7,July,3,2023,7,Sunday,True,False
20230723,2023-07-23,23,7,July,3,2023,7,Sunday,True,False
20230730,2023-07-30,30,7,July,3,2023,7,Sunday,True,False
20230827,2023-08-27,27,8,August,3,2023,7,Sunday,True,False
20230903,2023-09-03,3,9,September,3,2023,7,Sunday,True,False
20230917,2023-09-17,17,9,September,3,2023,7,Sunday,True,False
20230924,2023-09-24,24,9,September,3,2023,7,Sunday,True,False
20231008,2023-10-08,8,10,October,4,2023,7,Sunday,True,False
20231022,2023-10-22,22,10,October,4,2023,7,Sunday,True,False
20231029,2023-10-29,29,10,October,4,2023,7,Sunday,True,False
20231105,2023-11-05,5,11,November,4,2023,7,Sunday,True,False
20231119,2023-11-19,19,11,November,4,2023,7,Sunday,True,False
20231126,2023-11-26,26,11,November,4,2023,7,Sunday,True,False
20240302,2024-03-02,2,3,March,1,2024,6,Saturday,True,False
20240309,2024-03-09,9,3,March,1,2024,6,Saturday,True,False
20240324,2024-03-24,24,3,March,1,2024,7,Sunday,True,False
20240407,2024-04-07,7,4,April,2,2024,7,Sunday,True,False
20240421,2024-04-21,21,4,April,2,2024,7,Sunday,True,False
20240505,2024-05-05,5,5,May,2,2024,7,Sunday,True,False
20240519,2024-05-19,19,5,May,2,2024,7,Sunday,True,False
20240526,2024-05-26,26,5,May,2,2024,7,Sunday,True,False
20240609,2024-06-09,9,6,June,2,2024,7,Sunday,True,False
20240623,2024-06-23,23,6,June,2,2024,7,Sunday,True,False
20240630,2024-06-30,30,6,June,2,2024,7,Sunday,True,False
20240707,2024-07-07,7,7,July,3,2024,7,Sunday,True,False
20240721,2024-07-21,21,7,July,3,2024,7,Sunday,True,False
20240728,2024-07-28,28,7,July,3,2024,7,Sunday,True,False
20240825,2024-08-25,25,8,August,3,2024,7,Sunday,True,False
20240901,2024-09-01,1,9,September,3,2024,7,Sunday,True,False
20240915,2024-09-15,15,9,September,3,2024,7,Sunday,True,False
20240922,2024-09-22,22,9,September,3,2024,7,Sunday,True,False
20241020,2024-10-20,20,10,October,4,2024,7,Sunday,True,False
20241027,2024-10-27,27,10,October,4,2024,7,Sunday,True,False
20241103,2024-11-03,3,11,November,4,2024,7,Sunday,True,False
20241123,2024-11-23,23,11,November,4,2024,6,Saturday,True,False
20241201,2024-12-01,1,12,December,4,2024,7,Sunday,True,False
20241208,2024-12-08,8,12,December,4,2024,7,Sunday,True,False
