raceId,year,circuitId,name,date_id
1,2009,1,Australian Grand Prix,20090329
2,2009,2,Malaysian Grand Prix,20090405
3,2009,17,Chinese Grand Prix,20090419
4,2009,3,Bahrain Grand Prix,20090426
5,2009,4,Spanish Grand Prix,20090510
6,2009,6,Monaco Grand Prix,20090524
7,2009,5,Turkish Grand Prix,20090607
8,2009,9,British Grand Prix,20090621
9,2009,20,German Grand Prix,20090712
10,2009,11,Hungarian Grand Prix,20090726
11,2009,12,European Grand Prix,20090823
12,2009,13,Belgian Grand Prix,20090830
13,2009,14,Italian Grand Prix,20090913
14,2009,15,Singapore Grand Prix,20090927
15,2009,22,Japanese Grand Prix,20091004
16,2009,18,Brazilian Grand Prix,20091018
17,2009,24,Abu Dhabi Grand Prix,20091101
18,2008,1,Australian Grand Prix,20080316
19,2008,2,Malaysian Grand Prix,20080323
20,2008,3,Bahrain Grand Prix,20080406
21,2008,4,Spanish Grand Prix,20080427
22,2008,5,Turkish Grand Prix,20080511
23,2008,6,Monaco Grand Prix,20080525
24,2008,7,Canadian Grand Prix,20080608
25,2008,8,French Grand Prix,20080622
26,2008,9,British Grand Prix,20080706
27,2008,10,German Grand Prix,20080720
28,2008,11,Hungarian Grand Prix,20080803
29,2008,12,European Grand Prix,20080824
30,2008,13,Belgian Grand Prix,20080907
31,2008,14,Italian Grand Prix,20080914
32,2008,15,Singapore Grand Prix,20080928
33,2008,16,Japanese Grand Prix,20081012
34,2008,17,Chinese Grand Prix,20081019
35,2008,18,Brazilian Grand Prix,20081102
36,2007,1,Australian Grand Prix,20070318
37,2007,2,Malaysian Grand Prix,20070408
38,2007,3,Bahrain Grand Prix,20070415
39,2007,4,Spanish Grand Prix,20070513
40,2007,6,Monaco Grand Prix,20070527
41,2007,7,Canadian Grand Prix,20070610
42,2007,19,United States Grand Prix,20070617
43,2007,8,French Grand Prix,20070701
44,2007,9,British Grand Prix,20070708
45,2007,20,European Grand Prix,20070722
46,2007,11,Hungarian Grand Prix,20070805
47,2007,5,Turkish Grand Prix,20070826
48,2007,14,Italian Grand Prix,20070909
49,2007,13,Belgian Grand Prix,20070916
50,2007,16,Japanese Grand Prix,20070930
51,2007,17,Chinese Grand Prix,20071007
52,2007,18,Brazilian Grand Prix,20071021
53,2006,3,Bahrain Grand Prix,20060312
54,2006,2,Malaysian Grand Prix,20060319
55,2006,1,Australian Grand Prix,20060402
56,2006,21,San Marino Grand Prix,20060423
57,2006,20,European Grand Prix,20060507
58,2006,4,Spanish Grand Prix,20060514
59,2006,6,Monaco Grand Prix,20060528
60,2006,9,British Grand Prix,20060611
61,2006,7,Canadian Grand Prix,20060625
62,2006,19,United States Grand Prix,20060702
63,2006,8,French Grand Prix,20060716
64,2006,10,German Grand Prix,20060730
65,2006,11,Hungarian Grand Prix,20060806
66,2006,5,Turkish Grand Prix,20060827
67,2006,14,Italian Grand Prix,20060910
68,2006,17,Chinese Grand Prix,20061001
69,2006,22,Japanese Grand Prix,20061008
70,2006,18,Brazilian Grand Prix,20061022
71,2005,1,Australian Grand Prix,20050306
72,2005,2,Malaysian Grand Prix,20050320
73,2005,3,Bahrain Grand Prix,20050403
74,2005,21,San Marino Grand Prix,20050424
75,2005,4,Spanish Grand Prix,20050508
76,2005,6,Monaco Grand Prix,20050522
77,2005,20,European Grand Prix,20050529
78,2005,7,Canadian Grand Prix,20050612
79,2005,19,United States Grand Prix,20050619
80,2005,8,French Grand Prix,20050703
81,2005,9,British Grand Prix,20050710
82,2005,10,German Grand Prix,20050724
83,2005,11,Hungarian Grand Prix,20050731
84,2005,5,Turkish Grand Prix,20050821
85,2005,14,Italian Grand Prix,20050904
86,2005,13,Belgian Grand Prix,20050911
87,2005,18,Brazilian Grand Prix,20050925
88,2005,22,Japanese Grand Prix,20051009
89,2005,17,Chinese Grand Prix,20051016
90,2004,1,Australian Grand Prix,20040307
91,2004,2,Malaysian Grand Prix,20040321
92,2004,3,Bahrain Grand Prix,20040404
93,2004,21,San Marino Grand Prix,20040425
94,2004,4,Spanish Grand Prix,20040509
95,2004,6,Monaco Grand Prix,20040523
96,2004,20,European Grand Prix,20040530
97,2004,7,Canadian Grand Prix,20040613
98,2004,19,United States Grand Prix,20040620
99,2004,8,French Grand Prix,20040704
100,2004,9,British Grand Prix,20040711
101,2004,10,German Grand Prix,20040725
102,2004,11,Hungarian Grand Prix,20040815
103,2004,13,Belgian Grand Prix,20040829
104,2004,14,Italian Grand Prix,20040912
105,2004,17,Chinese Grand Prix,20040926
106,2004,22,Japanese Grand Prix,20041010
107,2004,18,Brazilian Grand Prix,20041024
108,2003,1,Australian Grand Prix,20030309
109,2003,2,Malaysian Grand Prix,20030323
110,2003,18,Brazilian Grand Prix,20030406
111,2003,21,San Marino Grand Prix,20030420
112,2003,4,Spanish Grand Prix,20030504
113,2003,70,Austrian Grand Prix,20030518
114,2003,6,Monaco Grand Prix,20030601
115,2003,7,Canadian Grand Prix,20030615
116,2003,20,European Grand Prix,20030629
117,2003,8,French Grand Prix,20030706
118,2003,9,British Grand Prix,20030720
119,2003,10,German Grand Prix,20030803
120,2003,11,Hungarian Grand Prix,20030824
121,2003,14,Italian Grand Prix,20030914
122,2003,19,United States Grand Prix,20030928
123,2003,22,Japanese Grand Prix,20031012
124,2002,1,Australian Grand Prix,20020303
125,2002,2,Malaysian Grand Prix,20020317
126,2002,18,Brazilian Grand Prix,20020331
127,2002,21,San Marino Grand Prix,20020414
128,2002,4,Spanish Grand Prix,20020428
129,2002,70,Austrian Grand Prix,20020512
130,2002,6,Monaco Grand Prix,20020526
131,2002,7,Canadian Grand Prix,20020609
132,2002,20,European Grand Prix,20020623
133,2002,9,British Grand Prix,20020707
134,2002,8,French Grand Prix,20020721
135,2002,10,German Grand Prix,20020728
136,2002,11,Hungarian Grand Prix,20020818
137,2002,13,Belgian Grand Prix,20020901
138,2002,14,Italian Grand Prix,20020915
139,2002,19,United States Grand Prix,20020929
140,2002,22,Japanese Grand Prix,20021013
141,2001,1,Australian Grand Prix,20010304
142,2001,2,Malaysian Grand Prix,20010318
143,2001,18,Brazilian Grand Prix,20010401
144,2001,21,San Marino Grand Prix,20010415
145,2001,4,Spanish Grand Prix,20010429
146,2001,70,Austrian Grand Prix,20010513
147,2001,6,Monaco Grand Prix,20010527
148,2001,7,Canadian Grand Prix,20010610
149,2001,20,European Grand Prix,20010624
150,2001,8,French Grand Prix,20010701
151,2001,9,British Grand Prix,20010715
152,2001,10,German Grand Prix,20010729
153,2001,11,Hungarian Grand Prix,20010819
154,2001,13,Belgian Grand Prix,20010902
155,2001,14,Italian Grand Prix,20010916
156,2001,19,United States Grand Prix,20010930
157,2001,22,Japanese Grand Prix,20011014
158,2000,1,Australian Grand Prix,20000312
159,2000,18,Brazilian Grand Prix,20000326
160,2000,21,San Marino Grand Prix,20000409
161,2000,9,British Grand Prix,20000423
162,2000,4,Spanish Grand Prix,20000507
163,2000,20,European Grand Prix,20000521
164,2000,6,Monaco Grand Prix,20000604
165,2000,7,Canadian Grand Prix,20000618
166,2000,8,French Grand Prix,20000702
167,2000,70,Austrian Grand Prix,20000716
168,2000,10,German Grand Prix,20000730
169,2000,11,Hungarian Grand Prix,20000813
170,2000,13,Belgian Grand Prix,20000827
171,2000,14,Italian Grand Prix,20000910
172,2000,19,United States Grand Prix,20000924
173,2000,22,Japanese Grand Prix,20001008
174,2000,2,Malaysian Grand Prix,20001022
175,1999,1,Australian Grand Prix,19990307
176,1999,18,Brazilian Grand Prix,19990411
177,1999,21,San Marino Grand Prix,19990502
178,1999,6,Monaco Grand Prix,19990516
179,1999,4,Spanish Grand Prix,19990530
180,1999,7,Canadian Grand Prix,19990613
181,1999,8,French Grand Prix,19990627
182,1999,9,British Grand Prix,19990711
183,1999,70,Austrian Grand Prix,19990725
184,1999,10,German Grand Prix,19990801
185,1999,11,Hungarian Grand Prix,19990815
186,1999,13,Belgian Grand Prix,19990829
187,1999,14,Italian Grand Prix,19990912
188,1999,20,European Grand Prix,19990926
189,1999,2,Malaysian Grand Prix,19991017
190,1999,22,Japanese Grand Prix,19991031
191,1998,1,Australian Grand Prix,19980308
192,1998,18,Brazilian Grand Prix,19980329
193,1998,25,Argentine Grand Prix,19980412
194,1998,21,San Marino Grand Prix,19980426
195,1998,4,Spanish Grand Prix,19980510
196,1998,6,Monaco Grand Prix,19980524
197,1998,7,Canadian Grand Prix,19980607
198,1998,8,French Grand Prix,19980628
199,1998,9,British Grand Prix,19980712
200,1998,70,Austrian Grand Prix,19980726
201,1998,10,German Grand Prix,19980802
202,1998,11,Hungarian Grand Prix,19980816
203,1998,13,Belgian Grand Prix,19980830
204,1998,14,Italian Grand Prix,19980913
205,1998,20,Luxembourg Grand Prix,19980927
206,1998,22,Japanese Grand Prix,19981101
207,1997,1,Australian Grand Prix,19970309
208,1997,18,Brazilian Grand Prix,19970330
209,1997,25,Argentine Grand Prix,19970413
210,1997,21,San Marino Grand Prix,19970427
211,1997,6,Monaco Grand Prix,19970511
212,1997,4,Spanish Grand Prix,19970525
213,1997,7,Canadian Grand Prix,19970615
214,1997,8,French Grand Prix,19970629
215,1997,9,British Grand Prix,19970713
216,1997,10,German Grand Prix,19970727
217,1997,11,Hungarian Grand Prix,19970810
218,1997,13,Belgian Grand Prix,19970824
219,1997,14,Italian Grand Prix,19970907
220,1997,70,Austrian Grand Prix,19970921
221,1997,20,Luxembourg Grand Prix,19970928
222,1997,22,Japanese Grand Prix,19971012
223,1997,26,European Grand Prix,19971026
224,1996,1,Australian Grand Prix,19960310
225,1996,18,Brazilian Grand Prix,19960331
226,1996,25,Argentine Grand Prix,19960407
227,1996,20,European Grand Prix,19960428
228,1996,21,San Marino Grand Prix,19960505
229,1996,6,Monaco Grand Prix,19960519
230,1996,4,Spanish Grand Prix,19960602
231,1996,7,Canadian Grand Prix,19960616
232,1996,8,French Grand Prix,19960630
233,1996,9,British Grand Prix,19960714
234,1996,10,German Grand Prix,19960728
235,1996,11,Hungarian Grand Prix,19960811
236,1996,13,Belgian Grand Prix,19960825
237,1996,14,Italian Grand Prix,19960908
238,1996,27,Portuguese Grand Prix,19960922
239,1996,22,Japanese Grand Prix,19961013
240,1995,18,Brazilian Grand Prix,19950326
241,1995,25,Argentine Grand Prix,19950409
242,1995,21,San Marino Grand Prix,19950430
243,1995,4,Spanish Grand Prix,19950514
244,1995,6,Monaco Grand Prix,19950528
245,1995,7,Canadian Grand Prix,19950611
246,1995,8,French Grand Prix,19950702
247,1995,9,British Grand Prix,19950716
248,1995,10,German Grand Prix,19950730
249,1995,11,Hungarian Grand Prix,19950813
250,1995,13,Belgian Grand Prix,19950827
251,1995,14,Italian Grand Prix,19950910
252,1995,27,Portuguese Grand Prix,19950924
253,1995,20,European Grand Prix,19951001
254,1995,28,Pacific Grand Prix,19951022
255,1995,22,Japanese Grand Prix,19951029
256,1995,29,Australian Grand Prix,19951112
257,1994,18,Brazilian Grand Prix,19940327
258,1994,28,Pacific Grand Prix,19940417
259,1994,21,San Marino Grand Prix,19940501
260,1994,6,Monaco Grand Prix,19940515
261,1994,4,Spanish Grand Prix,19940529
262,1994,7,Canadian Grand Prix,19940612
263,1994,8,French Grand Prix,19940703
264,1994,9,British Grand Prix,19940710
265,1994,10,German Grand Prix,19940731
266,1994,11,Hungarian Grand Prix,19940814
267,1994,13,Belgian Grand Prix,19940828
268,1994,14,Italian Grand Prix,19940911
269,1994,27,Portuguese Grand Prix,19940925
270,1994,26,European Grand Prix,19941016
271,1994,22,Japanese Grand Prix,19941106
272,1994,29,Australian Grand Prix,19941113
273,1993,30,South African Grand Prix,19930314
274,1993,18,Brazilian Grand Prix,19930328
275,1993,31,European Grand Prix,19930411
276,1993,21,San Marino Grand Prix,19930425
277,1993,4,Spanish Grand Prix,19930509
278,1993,6,Monaco Grand Prix,19930523
279,1993,7,Canadian Grand Prix,19930613
280,1993,8,French Grand Prix,19930704
281,1993,9,British Grand Prix,19930711
282,1993,10,German Grand Prix,19930725
283,1993,11,Hungarian Grand Prix,19930815
284,1993,13,Belgian Grand Prix,19930829
285,1993,14,Italian Grand Prix,19930912
286,1993,27,Portuguese Grand Prix,19930926
287,1993,22,Japanese Grand Prix,19931024
288,1993,29,Australian Grand Prix,19931107
289,1992,30,South African Grand Prix,19920301
290,1992,32,Mexican Grand Prix,19920322
291,1992,18,Brazilian Grand Prix,19920405
292,1992,4,Spanish Grand Prix,19920503
293,1992,21,San Marino Grand Prix,19920517
294,1992,6,Monaco Grand Prix,19920531
295,1992,7,Canadian Grand Prix,19920614
296,1992,8,French Grand Prix,19920705
297,1992,9,British Grand Prix,19920712
298,1992,10,German Grand Prix,19920726
299,1992,11,Hungarian Grand Prix,19920816
300,1992,13,Belgian Grand Prix,19920830
301,1992,14,Italian Grand Prix,19920913
302,1992,27,Portuguese Grand Prix,19920927
303,1992,22,Japanese Grand Prix,19921025
304,1992,29,Australian Grand Prix,19921108
305,1991,33,United States Grand Prix,19910310
306,1991,18,Brazilian Grand Prix,19910324
307,1991,21,San Marino Grand Prix,19910428
308,1991,6,Monaco Grand Prix,19910512
309,1991,7,Canadian Grand Prix,19910602
310,1991,32,Mexican Grand Prix,19910616
311,1991,8,French Grand Prix,19910707
312,1991,9,British Grand Prix,19910714
313,1991,10,German Grand Prix,19910728
314,1991,11,Hungarian Grand Prix,19910811
315,1991,13,Belgian Grand Prix,19910825
316,1991,14,Italian Grand Prix,19910908
317,1991,27,Portuguese Grand Prix,19910922
318,1991,4,Spanish Grand Prix,19910929
319,1991,22,Japanese Grand Prix,19911020
320,1991,29,Australian Grand Prix,19911103
321,1990,33,United States Grand Prix,19900311
322,1990,18,Brazilian Grand Prix,19900325
323,1990,21,San Marino Grand Prix,19900513
324,1990,6,Monaco Grand Prix,19900527
325,1990,7,Canadian Grand Prix,19900610
326,1990,32,Mexican Grand Prix,19900624
327,1990,34,French Grand Prix,19900708
328,1990,9,British Grand Prix,19900715
329,1990,10,German Grand Prix,19900729
330,1990,11,Hungarian Grand Prix,19900812
331,1990,13,Belgian Grand Prix,19900826
332,1990,14,Italian Grand Prix,19900909
333,1990,27,Portuguese Grand Prix,19900923
334,1990,26,Spanish Grand Prix,19900930
335,1990,22,Japanese Grand Prix,19901021
336,1990,29,Australian Grand Prix,19901104
337,2010,3,Bahrain Grand Prix,20100314
338,2010,1,Australian Grand Prix,20100328
339,2010,2,Malaysian Grand Prix,20100404
340,2010,17,Chinese Grand Prix,20100418
341,2010,4,Spanish Grand Prix,20100509
342,2010,6,Monaco Grand Prix,20100516
343,2010,5,Turkish Grand Prix,20100530
344,2010,7,Canadian Grand Prix,20100613
345,2010,12,European Grand Prix,20100627
346,2010,9,British Grand Prix,20100711
347,2010,10,German Grand Prix,20100725
348,2010,11,Hungarian Grand Prix,20100801
349,2010,13,Belgian Grand Prix,20100829
350,2010,14,Italian Grand Prix,20100912
351,2010,15,Singapore Grand Prix,20100926
352,2010,22,Japanese Grand Prix,20101010
353,2010,35,Korean Grand Prix,20101024
354,2010,18,Brazilian Grand Prix,20101107
355,2010,24,Abu Dhabi Grand Prix,20101114
356,1989,36,Brazilian Grand Prix,19890326
357,1989,21,San Marino Grand Prix,19890423
358,1989,6,Monaco Grand Prix,19890507
359,1989,32,Mexican Grand Prix,19890528
360,1989,33,United States Grand Prix,19890604
361,1989,7,Canadian Grand Prix,19890618
362,1989,34,French Grand Prix,19890709
363,1989,9,British Grand Prix,19890716
364,1989,10,German Grand Prix,19890730
365,1989,11,Hungarian Grand Prix,19890813
366,1989,13,Belgian Grand Prix,19890827
367,1989,14,Italian Grand Prix,19890910
368,1989,27,Portuguese Grand Prix,19890924
369,1989,26,Spanish Grand Prix,19891001
370,1989,22,Japanese Grand Prix,19891022
371,1989,29,Australian Grand Prix,19891105
372,1988,36,Brazilian Grand Prix,19880403
373,1988,21,San Marino Grand Prix,19880501
374,1988,6,Monaco Grand Prix,19880515
375,1988,32,Mexican Grand Prix,19880529
376,1988,7,Canadian Grand Prix,19880612
377,1988,37,Detroit Grand Prix,19880619
378,1988,34,French Grand Prix,19880703
379,1988,9,British Grand Prix,19880710
380,1988,10,German Grand Prix,19880724
381,1988,11,Hungarian Grand Prix,19880807
382,1988,13,Belgian Grand Prix,19880828
383,1988,14,Italian Grand Prix,19880911
384,1988,27,Portuguese Grand Prix,19880925
385,1988,26,Spanish Grand Prix,19881002
386,1988,22,Japanese Grand Prix,19881030
387,1988,29,Australian Grand Prix,19881113
388,1987,36,Brazilian Grand Prix,19870412
389,1987,21,San Marino Grand Prix,19870503
390,1987,13,Belgian Grand Prix,19870517
391,1987,6,Monaco Grand Prix,19870531
392,1987,37,Detroit Grand Prix,19870621
393,1987,34,French Grand Prix,19870705
394,1987,9,British Grand Prix,19870712
395,1987,10,German Grand Prix,19870726
396,1987,11,Hungarian Grand Prix,19870809
397,1987,70,Austrian Grand Prix,19870816
398,1987,14,Italian Grand Prix,19870906
399,1987,27,Portuguese Grand Prix,19870920
400,1987,26,Spanish Grand Prix,19870927
401,1987,32,Mexican Grand Prix,19871018
402,1987,22,Japanese Grand Prix,19871101
403,1987,29,Australian Grand Prix,19871115
404,1986,36,Brazilian Grand Prix,19860323
405,1986,26,Spanish Grand Prix,19860413
406,1986,21,San Marino Grand Prix,19860427
407,1986,6,Monaco Grand Prix,19860511
408,1986,13,Belgian Grand Prix,19860525
409,1986,7,Canadian Grand Prix,19860615
410,1986,37,Detroit Grand Prix,19860622
411,1986,34,French Grand Prix,19860706
412,1986,38,British Grand Prix,19860713
413,1986,10,German Grand Prix,19860727
414,1986,11,Hungarian Grand Prix,19860810
415,1986,70,Austrian Grand Prix,19860817
416,1986,14,Italian Grand Prix,19860907
417,1986,27,Portuguese Grand Prix,19860921
418,1986,32,Mexican Grand Prix,19861012
419,1986,29,Australian Grand Prix,19861026
420,1985,36,Brazilian Grand Prix,19850407
421,1985,27,Portuguese Grand Prix,19850421
422,1985,21,San Marino Grand Prix,19850505
423,1985,6,Monaco Grand Prix,19850519
424,1985,7,Canadian Grand Prix,19850616
425,1985,37,Detroit Grand Prix,19850623
426,1985,34,French Grand Prix,19850707
427,1985,9,British Grand Prix,19850721
428,1985,20,German Grand Prix,19850804
429,1985,70,Austrian Grand Prix,19850818
430,1985,39,Dutch Grand Prix,19850825
431,1985,14,Italian Grand Prix,19850908
432,1985,13,Belgian Grand Prix,19850915
433,1985,38,European Grand Prix,19851006
434,1985,30,South African Grand Prix,19851019
435,1985,29,Australian Grand Prix,19851103
436,1984,36,Brazilian Grand Prix,19840325
437,1984,30,South African Grand Prix,19840407
438,1984,40,Belgian Grand Prix,19840429
439,1984,21,San Marino Grand Prix,19840506
440,1984,41,French Grand Prix,19840520
441,1984,6,Monaco Grand Prix,19840603
442,1984,7,Canadian Grand Prix,19840617
443,1984,37,Detroit Grand Prix,19840624
444,1984,42,Dallas Grand Prix,19840708
445,1984,38,British Grand Prix,19840722
446,1984,10,German Grand Prix,19840805
447,1984,70,Austrian Grand Prix,19840819
448,1984,39,Dutch Grand Prix,19840826
449,1984,14,Italian Grand Prix,19840909
450,1984,20,European Grand Prix,19841007
451,1984,27,Portuguese Grand Prix,19841021
452,1983,36,Brazilian Grand Prix,19830313
453,1983,43,United States Grand Prix West,19830327
454,1983,34,French Grand Prix,19830417
455,1983,21,San Marino Grand Prix,19830501
456,1983,6,Monaco Grand Prix,19830515
457,1983,13,Belgian Grand Prix,19830522
458,1983,37,Detroit Grand Prix,19830605
459,1983,7,Canadian Grand Prix,19830612
460,1983,9,British Grand Prix,19830716
461,1983,10,German Grand Prix,19830807
462,1983,70,Austrian Grand Prix,19830814
463,1983,39,Dutch Grand Prix,19830828
464,1983,14,Italian Grand Prix,19830911
465,1983,38,European Grand Prix,19830925
466,1983,30,South African Grand Prix,19831015
467,1982,30,South African Grand Prix,19820123
468,1982,36,Brazilian Grand Prix,19820321
469,1982,43,United States Grand Prix West,19820404
470,1982,21,San Marino Grand Prix,19820425
471,1982,40,Belgian Grand Prix,19820509
472,1982,6,Monaco Grand Prix,19820523
473,1982,37,Detroit Grand Prix,19820606
474,1982,7,Canadian Grand Prix,19820613
475,1982,39,Dutch Grand Prix,19820703
476,1982,38,British Grand Prix,19820718
477,1982,34,French Grand Prix,19820725
478,1982,10,German Grand Prix,19820808
479,1982,70,Austrian Grand Prix,19820815
480,1982,41,Swiss Grand Prix,19820829
481,1982,14,Italian Grand Prix,19820912
482,1982,44,Caesars Palace Grand Prix,19820925
483,1981,43,United States Grand Prix West,19810315
484,1981,36,Brazilian Grand Prix,19810329
485,1981,25,Argentine Grand Prix,19810412
486,1981,21,San Marino Grand Prix,19810503
487,1981,40,Belgian Grand Prix,19810517
488,1981,6,Monaco Grand Prix,19810531
489,1981,45,Spanish Grand Prix,19810621
490,1981,41,French Grand Prix,19810705
491,1981,9,British Grand Prix,19810718
492,1981,10,German Grand Prix,19810802
493,1981,70,Austrian Grand Prix,19810816
494,1981,39,Dutch Grand Prix,19810830
495,1981,14,Italian Grand Prix,19810913
496,1981,7,Canadian Grand Prix,19810927
497,1981,44,Caesars Palace Grand Prix,19811017
498,1980,25,Argentine Grand Prix,19800113
499,1980,18,Brazilian Grand Prix,19800127
500,1980,30,South African Grand Prix,19800301
501,1980,43,United States Grand Prix West,19800330
502,1980,40,Belgian Grand Prix,19800504
503,1980,6,Monaco Grand Prix,19800518
504,1980,34,French Grand Prix,19800629
505,1980,38,British Grand Prix,19800713
506,1980,10,German Grand Prix,19800810
507,1980,70,Austrian Grand Prix,19800817
508,1980,39,Dutch Grand Prix,19800831
509,1980,21,Italian Grand Prix,19800914
510,1980,7,Canadian Grand Prix,19800928
511,1980,46,United States Grand Prix,19801005
512,1979,25,Argentine Grand Prix,19790121
513,1979,18,Brazilian Grand Prix,19790204
514,1979,30,South African Grand Prix,19790303
515,1979,43,United States Grand Prix West,19790408
516,1979,45,Spanish Grand Prix,19790429
517,1979,40,Belgian Grand Prix,19790513
518,1979,6,Monaco Grand Prix,19790527
519,1979,41,French Grand Prix,19790701
520,1979,9,British Grand Prix,19790714
521,1979,10,German Grand Prix,19790729
522,1979,70,Austrian Grand Prix,19790812
523,1979,39,Dutch Grand Prix,19790826
524,1979,14,Italian Grand Prix,19790909
525,1979,7,Canadian Grand Prix,19790930
526,1979,46,United States Grand Prix,19791007
527,1978,25,Argentine Grand Prix,19780115
528,1978,36,Brazilian Grand Prix,19780129
529,1978,30,South African Grand Prix,19780304
530,1978,43,United States Grand Prix West,19780402
531,1978,6,Monaco Grand Prix,19780507
532,1978,40,Belgian Grand Prix,19780521
533,1978,45,Spanish Grand Prix,19780604
534,1978,47,Swedish Grand Prix,19780617
535,1978,34,French Grand Prix,19780702
536,1978,38,British Grand Prix,19780716
537,1978,10,German Grand Prix,19780730
538,1978,70,Austrian Grand Prix,19780813
539,1978,39,Dutch Grand Prix,19780827
540,1978,14,Italian Grand Prix,19780910
541,1978,46,United States Grand Prix,19781001
542,1978,7,Canadian Grand Prix,19781008
543,1977,25,Argentine Grand Prix,19770109
544,1977,18,Brazilian Grand Prix,19770123
545,1977,30,South African Grand Prix,19770305
546,1977,43,United States Grand Prix West,19770403
547,1977,45,Spanish Grand Prix,19770508
548,1977,6,Monaco Grand Prix,19770522
549,1977,40,Belgian Grand Prix,19770605
550,1977,47,Swedish Grand Prix,19770619
551,1977,41,French Grand Prix,19770703
552,1977,9,British Grand Prix,19770716
553,1977,10,German Grand Prix,19770731
554,1977,70,Austrian Grand Prix,19770814
555,1977,39,Dutch Grand Prix,19770828
556,1977,14,Italian Grand Prix,19770911
557,1977,46,United States Grand Prix,19771002
558,1977,48,Canadian Grand Prix,19771009
559,1977,16,Japanese Grand Prix,19771023
560,1976,18,Brazilian Grand Prix,19760125
561,1976,30,South African Grand Prix,19760306
562,1976,43,United States Grand Prix West,19760328
563,1976,45,Spanish Grand Prix,19760502
564,1976,40,Belgian Grand Prix,19760516
565,1976,6,Monaco Grand Prix,19760530
566,1976,47,Swedish Grand Prix,19760613
567,1976,34,French Grand Prix,19760704
568,1976,38,British Grand Prix,19760718
569,1976,20,German Grand Prix,19760801
570,1976,70,Austrian Grand Prix,19760815
571,1976,39,Dutch Grand Prix,19760829
572,1976,14,Italian Grand Prix,19760912
573,1976,48,Canadian Grand Prix,19761003
574,1976,46,United States Grand Prix,19761010
575,1976,16,Japanese Grand Prix,19761024
576,1975,25,Argentine Grand Prix,19750112
577,1975,18,Brazilian Grand Prix,19750126
578,1975,30,South African Grand Prix,19750301
579,1975,49,Spanish Grand Prix,19750427
580,1975,6,Monaco Grand Prix,19750511
581,1975,40,Belgian Grand Prix,19750525
582,1975,47,Swedish Grand Prix,19750608
583,1975,39,Dutch Grand Prix,19750622
584,1975,34,French Grand Prix,19750706
585,1975,9,British Grand Prix,19750719
586,1975,20,German Grand Prix,19750803
587,1975,70,Austrian Grand Prix,19750817
588,1975,14,Italian Grand Prix,19750907
589,1975,46,United States Grand Prix,19751005
590,1974,25,Argentine Grand Prix,19740113
591,1974,18,Brazilian Grand Prix,19740127
592,1974,30,South African Grand Prix,19740330
593,1974,45,Spanish Grand Prix,19740428
594,1974,50,Belgian Grand Prix,19740512
595,1974,6,Monaco Grand Prix,19740526
596,1974,47,Swedish Grand Prix,19740609
597,1974,39,Dutch Grand Prix,19740623
598,1974,41,French Grand Prix,19740707
599,1974,38,British Grand Prix,19740720
600,1974,20,German Grand Prix,19740804
601,1974,70,Austrian Grand Prix,19740818
602,1974,14,Italian Grand Prix,19740908
603,1974,48,Canadian Grand Prix,19740922
604,1974,46,United States Grand Prix,19741006
605,1973,25,Argentine Grand Prix,19730128
606,1973,18,Brazilian Grand Prix,19730211
607,1973,30,South African Grand Prix,19730303
608,1973,49,Spanish Grand Prix,19730429
609,1973,40,Belgian Grand Prix,19730520
610,1973,6,Monaco Grand Prix,19730603
611,1973,47,Swedish Grand Prix,19730617
612,1973,34,French Grand Prix,19730701
613,1973,9,British Grand Prix,19730714
614,1973,39,Dutch Grand Prix,19730729
615,1973,20,German Grand Prix,19730805
616,1973,70,Austrian Grand Prix,19730819
617,1973,14,Italian Grand Prix,19730909
618,1973,48,Canadian Grand Prix,19730923
619,1973,46,United States Grand Prix,19731007
620,1972,25,Argentine Grand Prix,19720123
621,1972,30,South African Grand Prix,19720304
622,1972,45,Spanish Grand Prix,19720501
623,1972,6,Monaco Grand Prix,19720514
624,1972,50,Belgian Grand Prix,19720604
625,1972,51,French Grand Prix,19720702
626,1972,38,British Grand Prix,19720715
627,1972,20,German Grand Prix,19720730
628,1972,70,Austrian Grand Prix,19720813
629,1972,14,Italian Grand Prix,19720910
630,1972,48,Canadian Grand Prix,19720924
631,1972,46,United States Grand Prix,19721008
632,1971,30,South African Grand Prix,19710306
633,1971,49,Spanish Grand Prix,19710418
634,1971,6,Monaco Grand Prix,19710523
635,1971,39,Dutch Grand Prix,19710620
636,1971,34,French Grand Prix,19710704
637,1971,9,British Grand Prix,19710717
638,1971,20,German Grand Prix,19710801
639,1971,70,Austrian Grand Prix,19710815
640,1971,14,Italian Grand Prix,19710905
641,1971,48,Canadian Grand Prix,19710919
642,1971,46,United States Grand Prix,19711003
643,1970,30,South African Grand Prix,19700307
644,1970,45,Spanish Grand Prix,19700419
645,1970,6,Monaco Grand Prix,19700510
646,1970,13,Belgian Grand Prix,19700607
647,1970,39,Dutch Grand Prix,19700621
648,1970,51,French Grand Prix,19700705
649,1970,38,British Grand Prix,19700718
650,1970,10,German Grand Prix,19700802
651,1970,70,Austrian Grand Prix,19700816
652,1970,14,Italian Grand Prix,19700906
653,1970,52,Canadian Grand Prix,19700920
654,1970,46,United States Grand Prix,19701004
655,1970,32,Mexican Grand Prix,19701025
656,1969,30,South African Grand Prix,19690301
657,1969,49,Spanish Grand Prix,19690504
658,1969,6,Monaco Grand Prix,19690518
659,1969,39,Dutch Grand Prix,19690621
660,1969,51,French Grand Prix,19690706
661,1969,9,British Grand Prix,19690719
662,1969,20,German Grand Prix,19690803
663,1969,14,Italian Grand Prix,19690907
664,1969,48,Canadian Grand Prix,19690920
665,1969,46,United States Grand Prix,19691005
666,1969,32,Mexican Grand Prix,19691019
667,1968,30,South African Grand Prix,19680101
668,1968,45,Spanish Grand Prix,19680512
669,1968,6,Monaco Grand Prix,19680526
670,1968,13,Belgian Grand Prix,19680609
671,1968,39,Dutch Grand Prix,19680623
672,1968,53,French Grand Prix,19680707
673,1968,38,British Grand Prix,19680720
674,1968,20,German Grand Prix,19680804
675,1968,14,Italian Grand Prix,19680908
676,1968,52,Canadian Grand Prix,19680922
677,1968,46,United States Grand Prix,19681006
678,1968,32,Mexican Grand Prix,19681103
679,1967,30,South African Grand Prix,19670102
680,1967,6,Monaco Grand Prix,19670507
681,1967,39,Dutch Grand Prix,19670604
682,1967,13,Belgian Grand Prix,19670618
683,1967,54,French Grand Prix,19670702
684,1967,9,British Grand Prix,19670715
685,1967,20,German Grand Prix,19670806
686,1967,48,Canadian Grand Prix,19670827
687,1967,14,Italian Grand Prix,19670910
688,1967,46,United States Grand Prix,19671001
689,1967,32,Mexican Grand Prix,19671022
690,1966,6,Monaco Grand Prix,19660522
691,1966,13,Belgian Grand Prix,19660612
692,1966,55,French Grand Prix,19660703
693,1966,38,British Grand Prix,19660716
694,1966,39,Dutch Grand Prix,19660724
695,1966,20,German Grand Prix,19660807
696,1966,14,Italian Grand Prix,19660904
697,1966,46,United States Grand Prix,19661002
698,1966,32,Mexican Grand Prix,19661023
699,1965,56,South African Grand Prix,19650101
700,1965,6,Monaco Grand Prix,19650530
701,1965,13,Belgian Grand Prix,19650613
702,1965,51,French Grand Prix,19650627
703,1965,9,British Grand Prix,19650710
704,1965,39,Dutch Grand Prix,19650718
705,1965,20,German Grand Prix,19650801
706,1965,14,Italian Grand Prix,19650912
707,1965,46,United States Grand Prix,19651003
708,1965,32,Mexican Grand Prix,19651024
709,1964,6,Monaco Grand Prix,19640510
710,1964,39,Dutch Grand Prix,19640524
711,1964,13,Belgian Grand Prix,19640614
712,1964,53,French Grand Prix,19640628
713,1964,38,British Grand Prix,19640711
714,1964,20,German Grand Prix,19640802
715,1964,57,Austrian Grand Prix,19640823
716,1964,14,Italian Grand Prix,19640906
717,1964,46,United States Grand Prix,19641004
718,1964,32,Mexican Grand Prix,19641025
719,1963,6,Monaco Grand Prix,19630526
720,1963,13,Belgian Grand Prix,19630609
721,1963,39,Dutch Grand Prix,19630623
722,1963,55,French Grand Prix,19630630
723,1963,9,British Grand Prix,19630720
724,1963,20,German Grand Prix,19630804
725,1963,14,Italian Grand Prix,19630908
726,1963,46,United States Grand Prix,19631006
727,1963,32,Mexican Grand Prix,19631027
728,1963,56,South African Grand Prix,19631228
729,1962,39,Dutch Grand Prix,19620520
730,1962,6,Monaco Grand Prix,19620603
731,1962,13,Belgian Grand Prix,19620617
732,1962,53,French Grand Prix,19620708
733,1962,58,British Grand Prix,19620721
734,1962,20,German Grand Prix,19620805
735,1962,14,Italian Grand Prix,19620916
736,1962,46,United States Grand Prix,19621007
737,1962,56,South African Grand Prix,19621229
738,1961,6,Monaco Grand Prix,19610514
739,1961,39,Dutch Grand Prix,19610522
740,1961,13,Belgian Grand Prix,19610618
741,1961,55,French Grand Prix,19610702
742,1961,58,British Grand Prix,19610715
743,1961,20,German Grand Prix,19610806
744,1961,14,Italian Grand Prix,19610910
745,1961,46,United States Grand Prix,19611008
746,1960,25,Argentine Grand Prix,19600207
747,1960,6,Monaco Grand Prix,19600529
748,1960,19,Indianapolis 500,19600530
749,1960,39,Dutch Grand Prix,19600606
750,1960,13,Belgian Grand Prix,19600619
751,1960,55,French Grand Prix,19600703
752,1960,9,British Grand Prix,19600716
753,1960,59,Portuguese Grand Prix,19600814
754,1960,14,Italian Grand Prix,19600904
755,1960,60,United States Grand Prix,19601120
756,1959,6,Monaco Grand Prix,19590510
757,1959,19,Indianapolis 500,19590530
758,1959,39,Dutch Grand Prix,19590531
759,1959,55,French Grand Prix,19590705
760,1959,58,British Grand Prix,19590718
761,1959,61,German Grand Prix,19590802
762,1959,62,Portuguese Grand Prix,19590823
763,1959,14,Italian Grand Prix,19590913
764,1959,63,United States Grand Prix,19591212
765,1958,25,Argentine Grand Prix,19580119
766,1958,6,Monaco Grand Prix,19580518
767,1958,39,Dutch Grand Prix,19580526
768,1958,19,Indianapolis 500,19580530
769,1958,13,Belgian Grand Prix,19580615
770,1958,55,French Grand Prix,19580706
771,1958,9,British Grand Prix,19580719
772,1958,20,German Grand Prix,19580803
773,1958,59,Portuguese Grand Prix,19580824
774,1958,14,Italian Grand Prix,19580907
775,1958,64,Moroccan Grand Prix,19581019
776,1957,25,Argentine Grand Prix,19570113
777,1957,6,Monaco Grand Prix,19570519
778,1957,19,Indianapolis 500,19570530
779,1957,53,French Grand Prix,19570707
780,1957,58,British Grand Prix,19570720
781,1957,20,German Grand Prix,19570804
782,1957,65,Pescara Grand Prix,19570818
783,1957,14,Italian Grand Prix,19570908
784,1956,25,Argentine Grand Prix,19560122
785,1956,6,Monaco Grand Prix,19560513
786,1956,19,Indianapolis 500,19560530
787,1956,13,Belgian Grand Prix,19560603
788,1956,55,French Grand Prix,19560701
789,1956,9,British Grand Prix,19560714
790,1956,20,German Grand Prix,19560805
791,1956,14,Italian Grand Prix,19560902
792,1955,25,Argentine Grand Prix,19550116
793,1955,6,Monaco Grand Prix,19550522
794,1955,19,Indianapolis 500,19550530
795,1955,13,Belgian Grand Prix,19550605
796,1955,39,Dutch Grand Prix,19550619
797,1955,58,British Grand Prix,19550716
798,1955,14,Italian Grand Prix,19550911
799,1954,25,Argentine Grand Prix,19540117
800,1954,19,Indianapolis 500,19540531
801,1954,13,Belgian Grand Prix,19540620
802,1954,55,French Grand Prix,19540704
803,1954,9,British Grand Prix,19540717
804,1954,20,German Grand Prix,19540801
805,1954,66,Swiss Grand Prix,19540822
806,1954,14,Italian Grand Prix,19540905
807,1954,67,Spanish Grand Prix,19541024
808,1953,25,Argentine Grand Prix,19530118
809,1953,19,Indianapolis 500,19530530
810,1953,39,Dutch Grand Prix,19530607
811,1953,13,Belgian Grand Prix,19530621
812,1953,55,French Grand Prix,19530705
813,1953,9,British Grand Prix,19530718
814,1953,20,German Grand Prix,19530802
815,1953,66,Swiss Grand Prix,19530823
816,1953,14,Italian Grand Prix,19530913
817,1952,66,Swiss Grand Prix,19520518
818,1952,19,Indianapolis 500,19520530
819,1952,13,Belgian Grand Prix,19520622
820,1952,53,French Grand Prix,19520706
821,1952,9,British Grand Prix,19520719
822,1952,20,German Grand Prix,19520803
823,1952,39,Dutch Grand Prix,19520817
824,1952,14,Italian Grand Prix,19520907
825,1951,66,Swiss Grand Prix,19510527
826,1951,19,Indianapolis 500,19510530
827,1951,13,Belgian Grand Prix,19510617
828,1951,55,French Grand Prix,19510701
829,1951,9,British Grand Prix,19510714
830,1951,20,German Grand Prix,19510729
831,1951,14,Italian Grand Prix,19510916
832,1951,67,Spanish Grand Prix,19511028
833,1950,9,British Grand Prix,19500513
834,1950,6,Monaco Grand Prix,19500521
835,1950,19,Indianapolis 500,19500530
836,1950,66,Swiss Grand Prix,19500604
837,1950,13,Belgian Grand Prix,19500618
838,1950,55,French Grand Prix,19500702
839,1950,14,Italian Grand Prix,19500903
841,2011,1,Australian Grand Prix,20110327
842,2011,2,Malaysian Grand Prix,20110410
843,2011,17,Chinese Grand Prix,20110417
844,2011,5,Turkish Grand Prix,20110508
845,2011,4,Spanish Grand Prix,20110522
846,2011,6,Monaco Grand Prix,20110529
847,2011,7,Canadian Grand Prix,20110612
848,2011,12,European Grand Prix,20110626
849,2011,9,British Grand Prix,20110710
850,2011,20,German Grand Prix,20110724
851,2011,11,Hungarian Grand Prix,20110731
852,2011,13,Belgian Grand Prix,20110828
853,2011,14,Italian Grand Prix,20110911
854,2011,15,Singapore Grand Prix,20110925
855,2011,22,Japanese Grand Prix,20111009
856,2011,35,Korean Grand Prix,20111016
857,2011,68,Indian Grand Prix,20111030
858,2011,24,Abu Dhabi Grand Prix,20111113
859,2011,18,Brazilian Grand Prix,20111127
860,2012,1,Australian Grand Prix,20120318
861,2012,2,Malaysian Grand Prix,20120325
862,2012,17,Chinese Grand Prix,20120415
863,2012,3,Bahrain Grand Prix,20120422
864,2012,4,Spanish Grand Prix,20120513
865,2012,6,Monaco Grand Prix,20120527
866,2012,7,Canadian Grand Prix,20120610
867,2012,12,European Grand Prix,20120624
868,2012,9,British Grand Prix,20120708
869,2012,10,German Grand Prix,20120722
870,2012,11,Hungarian Grand Prix,20120729
871,2012,13,Belgian Grand Prix,20120902
872,2012,14,Italian Grand Prix,20120909
873,2012,15,Singapore Grand Prix,20120923
874,2012,22,Japanese Grand Prix,20121007
875,2012,35,Korean Grand Prix,20121014
876,2012,68,Indian Grand Prix,20121028
877,2012,24,Abu Dhabi Grand Prix,20121104
878,2012,69,United States Grand Prix,20121118
879,2012,18,Brazilian Grand Prix,20121125
880,2013,1,Australian Grand Prix,20130317
881,2013,2,Malaysian Grand Prix,20130324
882,2013,17,Chinese Grand Prix,20130414
883,2013,3,Bahrain Grand Prix,20130421
884,2013,4,Spanish Grand Prix,20130512
885,2013,6,Monaco Grand Prix,20130526
886,2013,7,Canadian Grand Prix,20130609
887,2013,9,British Grand Prix,20130630
888,2013,20,German Grand Prix,20130707
890,2013,11,Hungarian Grand Prix,20130728
891,2013,13,Belgian Grand Prix,20130825
892,2013,14,Italian Grand Prix,20130908
893,2013,15,Singapore Grand Prix,20130922
894,2013,35,Korean Grand Prix,20131006
895,2013,22,Japanese Grand Prix,20131013
896,2013,68,Indian Grand Prix,20131027
897,2013,24,Abu Dhabi Grand Prix,20131103
898,2013,69,United States Grand Prix,20131117
899,2013,18,Brazilian Grand Prix,20131124
900,2014,1,Australian Grand Prix,20140316
901,2014,2,Malaysian Grand Prix,20140330
902,2014,3,Bahrain Grand Prix,20140406
903,2014,17,Chinese Grand Prix,20140420
904,2014,4,Spanish Grand Prix,20140511
905,2014,6,Monaco Grand Prix,20140525
906,2014,7,Canadian Grand Prix,20140608
907,2014,70,Austrian Grand Prix,20140622
908,2014,9,British Grand Prix,20140706
909,2014,10,German Grand Prix,20140720
910,2014,11,Hungarian Grand Prix,20140727
911,2014,13,Belgian Grand Prix,20140824
912,2014,14,Italian Grand Prix,20140907
913,2014,15,Singapore Grand Prix,20140921
914,2014,22,Japanese Grand Prix,20141005
915,2014,71,Russian Grand Prix,20141012
916,2014,69,United States Grand Prix,20141102
917,2014,18,Brazilian Grand Prix,20141109
918,2014,24,Abu Dhabi Grand Prix,20141123
931,2015,6,Monaco Grand Prix,20150524
932,2015,7,Canadian Grand Prix,20150607
929,2015,3,Bahrain Grand Prix,20150419
930,2015,4,Spanish Grand Prix,20150510
928,2015,17,Chinese Grand Prix,20150412
926,2015,1,Australian Grand Prix,20150315
927,2015,2,Malaysian Grand Prix,20150329
933,2015,70,Austrian Grand Prix,20150621
934,2015,9,British Grand Prix,20150705
936,2015,11,Hungarian Grand Prix,20150726
937,2015,13,Belgian Grand Prix,20150823
938,2015,14,Italian Grand Prix,20150906
939,2015,15,Singapore Grand Prix,20150920
940,2015,22,Japanese Grand Prix,20150927
941,2015,71,Russian Grand Prix,20151011
942,2015,69,United States Grand Prix,20151025
943,2015,32,Mexican Grand Prix,20151101
944,2015,18,Brazilian Grand Prix,20151115
945,2015,24,Abu Dhabi Grand Prix,20151129
948,2016,1,Australian Grand Prix,20160320
949,2016,3,Bahrain Grand Prix,20160403
950,2016,17,Chinese Grand Prix,20160417
951,2016,71,Russian Grand Prix,20160501
952,2016,4,Spanish Grand Prix,20160515
953,2016,6,Monaco Grand Prix,20160529
954,2016,7,Canadian Grand Prix,20160612
955,2016,73,European Grand Prix,20160619
956,2016,70,Austrian Grand Prix,20160703
957,2016,9,British Grand Prix,20160710
958,2016,11,Hungarian Grand Prix,20160724
959,2016,10,German Grand Prix,20160731
960,2016,13,Belgian Grand Prix,20160828
961,2016,14,Italian Grand Prix,20160904
962,2016,15,Singapore Grand Prix,20160918
963,2016,2,Malaysian Grand Prix,20161002
964,2016,22,Japanese Grand Prix,20161009
965,2016,69,United States Grand Prix,20161023
966,2016,32,Mexican Grand Prix,20161030
967,2016,18,Brazilian Grand Prix,20161113
968,2016,24,Abu Dhabi Grand Prix,20161127
969,2017,1,Australian Grand Prix,20170326
970,2017,17,Chinese Grand Prix,20170409
971,2017,3,Bahrain Grand Prix,20170416
972,2017,71,Russian Grand Prix,20170430
973,2017,4,Spanish Grand Prix,20170514
974,2017,6,Monaco Grand Prix,20170528
975,2017,7,Canadian Grand Prix,20170611
976,2017,73,Azerbaijan Grand Prix,20170625
977,2017,70,Austrian Grand Prix,20170709
978,2017,9,British Grand Prix,20170716
979,2017,11,Hungarian Grand Prix,20170730
980,2017,13,Belgian Grand Prix,20170827
981,2017,14,Italian Grand Prix,20170903
982,2017,15,Singapore Grand Prix,20170917
983,2017,2,Malaysian Grand Prix,20171001
984,2017,22,Japanese Grand Prix,20171008
985,2017,69,United States Grand Prix,20171022
986,2017,32,Mexican Grand Prix,20171029
987,2017,18,Brazilian Grand Prix,20171112
988,2017,24,Abu Dhabi Grand Prix,20171126
989,2018,1,Australian Grand Prix,20180325
990,2018,3,Bahrain Grand Prix,20180408
991,2018,17,Chinese Grand Prix,20180415
992,2018,73,Azerbaijan Grand Prix,20180429
993,2018,4,Spanish Grand Prix,20180513
994,2018,6,Monaco Grand Prix,20180527
995,2018,7,Canadian Grand Prix,20180610
996,2018,34,French Grand Prix,20180624
997,2018,70,Austrian Grand Prix,20180701
998,2018,9,British Grand Prix,20180708
999,2018,10,German Grand Prix,20180722
1000,2018,11,Hungarian Grand Prix,20180729
1001,2018,13,Belgian Grand Prix,20180826
1002,2018,14,Italian Grand Prix,20180902
1003,2018,15,Singapore Grand Prix,20180916
1004,2018,71,Russian Grand Prix,20180930
1005,2018,22,Japanese Grand Prix,20181007
1006,2018,69,United States Grand Prix,20181021
1007,2018,32,Mexican Grand Prix,20181028
1008,2018,18,Brazilian Grand Prix,20181111
1009,2018,24,Abu Dhabi Grand Prix,20181125
1010,2019,1,Australian Grand Prix,20190317
1011,2019,3,Bahrain Grand Prix,20190331
1012,2019,17,Chinese Grand Prix,20190414
1013,2019,73,Azerbaijan Grand Prix,20190428
1014,2019,4,Spanish Grand Prix,20190512
1015,2019,6,Monaco Grand Prix,20190526
1016,2019,7,Canadian Grand Prix,20190609
1017,2019,34,French Grand Prix,20190623
1018,2019,70,Austrian Grand Prix,20190630
1019,2019,9,British Grand Prix,20190714
1020,2019,10,German Grand Prix,20190728
1021,2019,11,Hungarian Grand Prix,20190804
1022,2019,13,Belgian Grand Prix,20190901
1023,2019,14,Italian Grand Prix,20190908
1024,2019,15,Singapore Grand Prix,20190922
1025,2019,71,Russian Grand Prix,20190929
1026,2019,22,Japanese Grand Prix,20191013
1027,2019,32,Mexican Grand Prix,20191027
1028,2019,69,United States Grand Prix,20191103
1029,2019,18,Brazilian Grand Prix,20191117
1030,2019,24,Abu Dhabi Grand Prix,20191201
1031,2020,70,Austrian Grand Prix,20200705
1032,2020,70,Styrian Grand Prix,20200712
1033,2020,11,Hungarian Grand Prix,20200719
1034,2020,9,British Grand Prix,20200802
1035,2020,9,70th Anniversary Grand Prix,20200809
1036,2020,4,Spanish Grand Prix,20200816
1037,2020,13,Belgian Grand Prix,20200830
1038,2020,14,Italian Grand Prix,20200906
1039,2020,76,Tuscan Grand Prix,20200913
1040,2020,71,Russian Grand Prix,20200927
1041,2020,20,Eifel Grand Prix,20201011
1042,2020,75,Portuguese Grand Prix,20201025
1043,2020,21,Emilia Romagna Grand Prix,20201101
1044,2020,5,Turkish Grand Prix,20201115
1045,2020,3,Bahrain Grand Prix,20201129
1046,2020,3,Sakhir Grand Prix,20201206
1047,2020,24,Abu Dhabi Grand Prix,20201213
1053,2021,21,Emilia Romagna Grand Prix,20210418
1074,2022,3,Bahrain Grand Prix,20220320
1052,2021,3,Bahrain Grand Prix,20210328
1051,2021,78,Qatar Grand Prix,20211121
1054,2021,75,Portuguese Grand Prix,20210502
1055,2021,4,Spanish Grand Prix,20210509
1056,2021,6,Monaco Grand Prix,20210523
1057,2021,73,Azerbaijan Grand Prix,20210606
1058,2021,70,Styrian Grand Prix,20210627
1059,2021,34,French Grand Prix,20210620
1060,2021,70,Austrian Grand Prix,20210704
1061,2021,9,British Grand Prix,20210718
1062,2021,11,Hungarian Grand Prix,20210801
1063,2021,13,Belgian Grand Prix,20210829
1064,2021,39,Dutch Grand Prix,20210905
1065,2021,14,Italian Grand Prix,20210912
1066,2021,71,Russian Grand Prix,20210926
1067,2021,5,Turkish Grand Prix,20211010
1069,2021,69,United States Grand Prix,20211024
1070,2021,32,Mexico City Grand Prix,20211107
1071,2021,18,S達o Paulo Grand Prix,20211114
1072,2021,77,Saudi Arabian Grand Prix,20211205
1073,2021,24,Abu Dhabi Grand Prix,20211212
1075,2022,77,Saudi Arabian Grand Prix,20220327
1076,2022,1,Australian Grand Prix,20220410
1077,2022,21,Emilia Romagna Grand Prix,20220424
1078,2022,79,Miami Grand Prix,20220508
1079,2022,4,Spanish Grand Prix,20220522
1080,2022,6,Monaco Grand Prix,20220529
1081,2022,73,Azerbaijan Grand Prix,20220612
1082,2022,7,Canadian Grand Prix,20220619
1083,2022,9,British Grand Prix,20220703
1084,2022,70,Austrian Grand Prix,20220710
1085,2022,34,French Grand Prix,20220724
1086,2022,11,Hungarian Grand Prix,20220731
1087,2022,13,Belgian Grand Prix,20220828
1088,2022,39,Dutch Grand Prix,20220904
1089,2022,14,Italian Grand Prix,20220911
1091,2022,15,Singapore Grand Prix,20221002
1092,2022,22,Japanese Grand Prix,20221009
1093,2022,69,United States Grand Prix,20221023
1094,2022,32,Mexico City Grand Prix,20221030
1095,2022,18,S達o Paulo Grand Prix,20221113
1096,2022,24,Abu Dhabi Grand Prix,20221120
1098,2023,3,Bahrain Grand Prix,20230305
1099,2023,77,Saudi Arabian Grand Prix,20230319
1100,2023,1,Australian Grand Prix,20230402
1101,2023,73,Azerbaijan Grand Prix,20230430
1102,2023,79,Miami Grand Prix,20230507
1104,2023,6,Monaco Grand Prix,20230528
1105,2023,4,Spanish Grand Prix,20230604
1106,2023,7,Canadian Grand Prix,20230618
1107,2023,70,Austrian Grand Prix,20230702
1108,2023,9,British Grand Prix,20230709
1109,2023,11,Hungarian Grand Prix,20230723
1110,2023,13,Belgian Grand Prix,20230730
1111,2023,39,Dutch Grand Prix,20230827
1112,2023,14,Italian Grand Prix,20230903
1113,2023,15,Singapore Grand Prix,20230917
1114,2023,22,Japanese Grand Prix,20230924
1115,2023,78,Qatar Grand Prix,20231008
1116,2023,69,United States Grand Prix,20231022
1117,2023,32,Mexico City Grand Prix,20231029
1118,2023,18,S達o Paulo Grand Prix,20231105
1119,2023,80,Las Vegas Grand Prix,20231119
1120,2023,24,Abu Dhabi Grand Prix,20231126
1121,2024,3,Bahrain Grand Prix,20240302
1122,2024,77,Saudi Arabian Grand Prix,20240309
1123,2024,1,Australian Grand Prix,20240324
1124,2024,22,Japanese Grand Prix,20240407
1125,2024,17,Chinese Grand Prix,20240421
1126,2024,79,Miami Grand Prix,20240505
1127,2024,21,Emilia Romagna Grand Prix,20240519
1128,2024,6,Monaco Grand Prix,20240526
1129,2024,7,Canadian Grand Prix,20240609
1130,2024,4,Spanish Grand Prix,20240623
1131,2024,70,Austrian Grand Prix,20240630
1132,2024,9,British Grand Prix,20240707
1133,2024,11,Hungarian Grand Prix,20240721
1134,2024,13,Belgian Grand Prix,20240728
1135,2024,39,Dutch Grand Prix,20240825
1136,2024,14,Italian Grand Prix,20240901
1137,2024,73,Azerbaijan Grand Prix,20240915
1138,2024,15,Singapore Grand Prix,20240922
1139,2024,69,United States Grand Prix,20241020
1140,2024,32,Mexico City Grand Prix,20241027
1141,2024,18,S達o Paulo Grand Prix,20241103
1142,2024,80,Las Vegas Grand Prix,20241123
1143,2024,78,Qatar Grand Prix,20241201
1144,2024,24,Abu Dhabi Grand Prix,20241208